id	station_name	cate_interchange_status	tiploc_code	crs_reference_code	crs_code	easting	northing	minimum_change_time
1	ABERDEEN	2	ABRDEEN	ABD	ABD	13942	68058	5
2	ACTON BRIDGE	0	ACBG	ACB	ACB	13599	63745	5
3	AIRDRIE	1	AIRDRIE	ADR	ADR	12760	66652	5
4	AMERSHAM	1	AMERSHM	AMR	AMR	14964	61981	1
5	ANNIESLAND	1	ANSL	ANL	ANL	12549	66687	5
6	ARBROATH	1	ARBROTH	ARB	ARB	13639	67410	5
7	ARDLUI	0	ARDLUI	AUI	AUI	12317	67155	5
8	ARDRAHAN    (CIE	0	CATZ	XAG	XAG	\N	\N	5
9	ARROCHAR & TARBET	0	ARCHRAT	ART	ART	12312	67046	5
10	ASTON	1	ASTON	AST	AST	14088	62897	5
11	AVIEMORE	1	AVIEMRE	AVM	AVM	12896	68124	5
12	BATH SPA	2	BATHSPA	BTH	BTH	13753	61644	7
13	BATHGATE	1	BTHGATE	BHG	BHG	12978	66683	5
14	BEDWYN	1	BEDYN	BDW	BDW	14280	61646	5
15	BELLGROVE	1	BLGRVE	BLG	BLG	12608	66649	5
16	BERKSWELL	0	BKSWELL	BKW	BKW	14244	62776	5
17	BESCOT STADIUM	0	BSCTSTA	BSC	BSC	14007	62961	5
18	BIRMINGHAM INTERNATIONAL	3	BHAMINT	BHI	BHI	14188	62838	5
19	BISHOPBRIGGS	0	BSHB	BBG	BBG	12610	66701	5
20	BLAIR ATHOLL	0	BLARATH	BLA	BLA	12870	67653	5
21	BLETCHLEY	2	BLTCHLY	BLY	BLY	14868	62337	5
22	BODMIN PARKWAY	1	BODMNPW	BOD	BOD	12110	60640	5
23	BRIDGE OF ORCHY	0	BOORCHY	BRO	BRO	12300	67394	5
24	BRIDGWATER	2	BRDGWTR	BWT	BWT	13308	61370	5
25	BRISTOL TEMPLE MEADS	2	BRSTLTM	BRI	BRI	13597	61724	10
26	BRISTOL TEMPLE MEADS	9	NSMRSTJ	BRI	BRI	13599	61724	10
27	BROCKLEY WHINS	0	BRWHINS	BNR	BNR	14345	65628	5
28	BROUGHTY FERRY	0	BRFRY	BYF	BYF	13463	67309	5
29	BURNTISLAND	0	BISLND	BTS	BTS	13233	66856	5
30	CAMBORNE	0	CBORNE	CBN	CBN	11648	60397	5
31	CAMELON	9	CRMRSEJ	CMO	CMO	12868	66808	3
32	CANADA WATER	1	CNDAW	ZCW	ZCW	15354	61795	5
33	CANONBURY	9	CNNBELL	CNN	CNN	15324	61850	5
34	CARLISLE	3	CARLILE	CAR	CAR	13402	65555	8
35	CARNOUSTIE	1	CNST	CAN	CAN	13566	67345	5
36	CARRBRIDGE	0	CARRBDG	CAG	CAG	12898	68225	5
37	CARSTAIRS	3	CRSTRS	CRS	CRS	12952	66454	5
38	CARSTAIRS	9	CRSTRSS	CRS	CRS	12952	66454	5
39	CASTLE CARY	2	CCARY	CLC	CLC	13635	61335	5
40	CHALFONT & LATIMER UND	1	CHLFNAL	CFO	CFO	14997	61976	5
41	CHIPPENHAM	1	CHIPNHM	CPM	CPM	13921	61737	5
42	CHORLEYWOOD UND	0	CHRW	CLW	CLW	15026	61961	5
43	COATBRIDGE SUNNYSIDE	0	COATBDS	CBS	CBS	12732	66656	5
44	CORROUR	0	CORROUR	CRR	CRR	12356	67664	5
45	COVENTRY	2	COVNTRY	COV	COV	14332	62782	5
46	COWDENBEATH	0	CWDNBTH	COW	COW	13165	66918	5
47	COWES WEST RDJET	0	COWESW	WTW	WTW	14497	60961	5
48	CREWE	3	CREWE	CRE	CRE	13711	63548	10
49	CRIANLARICH	1	CRNLRCH	CNR	CNR	12385	67250	5
50	CROY	1	CROY	CRO	CRO	12730	66755	3
51	CUMBRAE	0	CUMBRAE	CUL	CUL	12180	66580	5
52	CUPAR	0	CUPAR	CUP	CUP	13377	67143	5
53	DALMENY	9	DLMYJN	DAM	DAM	13139	66779	5
54	DALMUIR	1	DALMUIR	DMR	DMR	12484	66714	5
55	DALREOCH	1	DLREOCH	DLR	DLR	12391	66757	5
56	DALSTON JUNCTION	1	DALS	DLJ	DLJ	15335	61846	5
57	DALWHINNIE	0	DALWHIN	DLW	DLW	12634	67848	5
58	DAWLISH	0	DAWLISH	DWL	DWL	12964	60767	5
59	DAWLISH WARREN	0	DAWLSHW	DWW	DWW	12979	60787	5
60	DERBY	2	DRBY	DBY	DBY	14362	63356	6
61	DIDCOT PARKWAY	2	DIDCOTP	DID	DID	14525	61905	5
62	DIDCOT PARKWAY	9	DIDCTEJ	DID	DID	14525	61908	5
63	DUFFIELD	1	DUFIELD	DFI	DFI	14346	63435	5
64	DUMBARTON CENTRAL	1	DMBRTNC	DBC	DBC	12398	66756	5
65	DUNBLANE	1	DUNANE	DBL	DBL	12780	67010	5
66	DUNDEE	2	DUNDETB	DEE	DEE	13392	67294	5
67	DUNFERMLINE CITY	1	DNFRMLE	DFE	DFE	13097	66871	5
68	DUNKELD & BIRNAM	0	DUNKELD	DKD	DKD	13031	67417	5
69	EALING BROADWAY	9	ACTONW	EAL	EAL	15180	61809	1
70	EAST BOLDON	0	EBOLDON	EBL	EBL	14372	65615	5
71	East Mids Airport via DBY	1	EMPKAIR	EMA	EMA	14452	63259	5
72	EDINBURGH	3	EDINBUR	EDB	EDB	13259	66739	10
73	EXETER ST DAVIDS	2	EXETRSD	EXD	EXD	12911	60933	6
74	FALKIRK GRAHAMSTON	2	FALKRKG	FKG	FKG	12887	66803	4
75	FALKIRK HIGH	1	FALKRKH	FKK	FKK	12883	66791	3
76	FELLGATE METRO	0	FELL	FEG	FEG	14329	65626	5
77	FORT WILLIAM	1	FRTWLM	FTW	FTW	12105	67742	5
78	GARELOCHHEAD	0	GRLCHHD	GCH	GCH	12242	66910	5
79	GLASGOW CENTRAL	3	GLGC	GLC	GLC	12587	66653	15
80	GLASGOW QS LL	9	GLGQLL	GQL	GLQ	12592	66655	10
81	GLENEAGLES	0	GLNEGLS	GLE	GLE	12929	67105	5
82	GLENROTHES WITH THORNTON	1	GLNRTHS	GLT	GLT	13291	66972	5
83	GORING & STREATLEY	0	GORASTR	GOR	GOR	14602	61806	5
84	HAGGERSTON	0	HAGGERS	HGG	HGG	15335	61840	5
85	HARROW & WEALDSTONE	2	HROW	HRW	HRW	15155	61894	5
86	HAYMARKET	2	HAYMRKT	HYM	HYM	13240	66732	5
87	HEATHROW TERMINAL 5	0	HTRWTM5	HWV	HWV	15051	61758	5
88	HEATHROW TERMINALS 2 & 3	1	HTRWAPT	HXX	HXX	15077	61760	2
89	HELENSBURGH UPPER	0	HLNSBRU	HLU	HLU	12298	66834	5
90	HEWORTH (METRO)	9	HEWOMTR	HEZ	HEW	14286	65620	5
91	HIGHBURY & ISLINGTON NLL	9	HIGHBYE	HII	HHY	15316	61847	5
92	HOXTON	0	HOXTON	HOX	HOX	15335	61832	5
93	HUNGERFORD	1	HUNGRFD	HGD	HGD	14341	61686	5
94	IDRIDGEHAY	0	CATZ008	XID	XID	14290	63487	5
95	INVERKEITHING	2	IVRKTHG	INK	INK	13131	66833	5
96	INVERNESS	1	IVRNESS	INV	INV	12668	68455	5
97	IVYBRIDGE	0	IVYBDGE	IVY	IVY	12630	60567	5
98	KINGUSSIE	1	KGUSSIE	KIN	KIN	12757	68004	5
99	KIRKCALDY	1	KCLD	KDY	KDY	13275	66917	5
100	LADYBANK	1	LADYBNK	LDY	LDY	13306	67096	5
101	LANCASTER	3	LANCSTR	LAN	LAN	13472	64617	6
102	LARGS	1	LARGS	LAR	LAR	12203	66592	15
103	LAURENCEKIRK	0	LRNCKRK	LAU	LAU	13709	67709	5
104	LENZIE	1	LENZIE	LNZ	LNZ	12655	66719	3
105	LEUCHARS	1	LEUCHRS	LEU	LEU	13449	67207	5
106	LICHFIELD TRENT VALLEY	9	LCHTNJ	LTV	LTV	14136	63100	5
107	LINLITHGOW	1	LNLTHGW	LIN	LIN	13005	66770	5
108	LISKEARD	1	LISKARD	LSK	LSK	12248	60637	6
109	LOCKERBIE	2	LCKRBIE	LOC	LOC	13138	65818	5
110	LONDON EUSTON	3	EUSTON	EUS	EUS	15295	61827	15
111	LONDON PADDINGTON	3	PADTON	PAD	PAD	15266	61813	15
112	LONG BUCKBY	1	LNGBKBY	LBK	LBK	14624	62666	5
113	LOSTWITHIEL	0	LSTWTHL	LOS	LOS	12107	60598	5
114	MAERDY BUS	0	CATZQBM	QBM	QBM	12973	61987	5
115	MAIDENHEAD	1	MDNHEAD	MAI	MAI	14887	61807	3
116	MARYHILL	0	MRYHILL	MYH	MYH	12562	66696	5
117	MILTON KEYNES CENTRAL	2	MKNSCEN	MKC	MKC	14841	62380	5
118	MONTROSE	1	MONTRSE	MTS	MTS	13712	67580	5
119	MOTHERWELL	2	MOTHRWL	MTH	MTH	12750	66572	5
120	NEW CROSS GATE	9	NEWXGEL	NXG	NXG	15361	61770	4
121	NEWBURY	1	NEWBURY	NBY	NBY	14472	61666	5
122	NEWCASTLE AIRPRT	0	AIRP	APN	APN	14185	65713	5
123	NEWCASTLE(METRO)	3	NWCSTLL	NCZ	NCZ	14246	65638	1
124	NEWTON (LANARKSHIRE)	9	NWTLEJ	NTN	NTN	12664	66605	5
125	NEWTON ABBOT	2	NABT	NTA	NTA	12867	60712	5
126	NEWTONMORE	0	NWTM	NWR	NWR	12716	67985	5
127	NORTHAMPTON	2	NMPTN	NMP	NMP	14747	62604	5
128	NUNEATON	2	NNTN	NUN	NUN	14365	62922	5
129	OXENHOLME LAKE DISTRICT	1	OXENHLM	OXN	OXN	13531	64902	5
130	PAR	1	PARR	PAR	PAR	12077	60541	5
131	PARSON STREET	0	PARSNST	PSN	PSN	13577	61706	5
132	PENKRIDGE	0	PNKRDG	PKG	PKG	13920	63140	5
133	PENRITH NORTH LAKES	1	PNTH	PNR	PNR	13512	65299	5
134	PENZANCE	1	PENZNCE	PNZ	PNZ	11476	60306	5
135	PERTH	2	PERTH	PTH	PTH	13112	67232	5
136	PITLOCHRY	0	PTLCHRY	PIT	PIT	12938	67581	5
137	PLYMOUTH	2	PLYMTH	PLY	PLY	12477	60553	5
138	POLMONT	1	POLMONT	PMT	PMT	12930	66782	3
139	PORTH	0	PORH	POR	POR	13026	61913	3
140	PRESTON	3	PRST	PRE	PRE	13534	64290	8
141	RANNOCH	0	RANNOCH	RAN	RAN	12423	67578	5
142	READING	9	RDNGORJ	RDG	RDG	14714	61738	7
143	READING	2	RDNGSTN	RDG	RDG	14714	61738	7
144	READING WEST	9	SCOTEJN	RDW	RDW	14702	61734	3
145	REDRUTH	1	REDRUTH	RED	RED	11701	60420	5
146	RICKMANSWORTH	0	RCKMNSW	RIC	RIC	15057	61946	1
147	ROTHERHITHE	0	RTHERHI	ROE	ROE	15352	61798	5
148	ROY BRIDGE	0	ROYBDGE	RYB	RYB	12273	67810	5
149	RUGBY	2	RUGBY	RUG	RUG	14512	62759	5
150	RUGELEY TRENT VALLEY	9	RUGLYNJ	RGL	RGL	14048	63191	5
151	SALTASH	0	SASH	STS	STS	12431	60587	5
152	SEABURN	0	SEABURN	SEB	SEB	14394	65596	5
153	SHADWELL	1	SHADWEL	SDE	SDE	15349	61809	5
154	SHETTLESTON	0	SHTLSTN	SLS	SLS	12649	66643	5
155	SHIELDMUIR	0	SHILDMR	SDM	SDM	12776	66553	5
156	SHOREDITCH HIGH STREET	0	SHRDHST	SDC	SDC	15336	61822	5
157	SHOTTLE	0	SHOTTLE	SHX	SHX	14304	63468	5
158	SLATEFORD	0	SLATEFD	SLA	SLA	13224	66711	5
159	SLOUGH	2	SLOUGH	SLO	SLO	14978	61802	5
160	SOTON TOWN QUAY	1	SOTNTQ	STQ	STQ	14417	61108	4
161	SOUTHALL	1	STHALL	STL	STL	15127	61798	5
162	SOUTHAMPTON CENTRAL	2	SOTON	SOU	SOU	14413	61122	5
163	SOUTHAMPTON CENTRAL	9	SOTONB	SOU	SOU	14413	61122	5
164	SPEAN BRIDGE	0	SPEANBD	SBR	SBR	12222	67814	5
165	ST AUSTELL	1	STAUSTL	SAU	SAU	12016	60525	5
166	ST ERTH	1	STERTH	SER	SER	11542	60358	5
167	ST GERMANS	0	STGRMNS	SGM	SGM	12360	60575	5
168	ST PETERS	0	SNDRMNK	STZ	STZ	14396	65575	5
169	STADIUM OF LIGHT	0	STDI	STI	STI	14396	65583	5
170	STAFFORD	2	STAFFRD	STA	STA	13918	63230	5
171	STECHFORD	0	STECHFD	SCF	SCF	14130	62875	5
172	STIRLING	2	STIRLNG	STG	STG	12798	66935	5
173	STONEHAVEN	0	SHVN	STN	STN	13864	67862	5
174	SUNDERLAND	1	SNDRLND	SUN	SUN	14397	65570	5
175	SURREY QUAYS	1	SURREYQ	SQE	SQE	15356	61789	5
176	SWINDON (WILTS)	2	SDON	SWI	SWI	14149	61852	5
177	TAMWORTH	9	AMNGTNJ	TAM	TAM	14213	63044	5
178	TAUNTON	2	TAUNTON	TAU	TAU	13228	61255	5
179	TEIGNMOUTH	1	TEINMTH	TGM	TGM	12942	60731	5
180	THEALE	0	THEALE	THE	THE	14644	61708	5
181	TIVERTON PARKWAY	1	TIVIPW	TVP	TVP	13045	61140	5
182	TOTNES	1	TOTNES	TOT	TOT	12802	60609	5
183	TRING	1	TRING	TRI	TRI	14951	62122	5
184	TRURO	1	TRURO	TRU	TRU	11818	60449	5
185	TULLOCH	0	TULLOCH	TUL	TUL	12355	67802	5
186	TWYFORD	1	TWYFORD	TWY	TWY	14790	61758	3
187	UPHALL	0	UPHALL	UHA	UHA	13064	66706	5
188	UPPER TYNDRUM	0	TYNDRMU	UTY	UTY	12334	67302	5
189	WAPPING	0	WAPPING	WPE	WPE	15350	61801	5
190	WARRINGTON BANK QUAY	2	WRGTNBQ	WBQ	WBQ	13600	63878	5
191	WATFORD JUNCTION	2	WATFDJ	WFJ	WFJ	15110	61973	5
192	WEMBLEY CENTRAL	2	WMBY	WMB	WMB	15182	61850	5
193	WEST EALING	1	WEALING	WEA	WEA	15166	61807	3
194	WESTBURY	9	FRWDJN	WSB	WSB	13862	61520	5
195	WESTBURY	9	HWRDJN	WSB	WSB	13862	61520	5
196	WESTERTON	1	WESTRTN	WES	WES	12541	66705	5
197	WHITECHAPEL	2	WCHAPEL	ZLW	ZLW	15346	61818	5
198	WIGAN NORTH WESTERN	2	WIGANNW	WGN	WGN	13582	64054	5
199	WILLESDEN JUNCTION	9	WLSDWLJ	WIJ	WIJ	15219	61828	5
200	WINSFORD	0	WNSFD	WSF	WSF	13671	63660	5
201	WIRKSWORTH	0	CATZ007	WIR	WIR	14290	63541	5
202	WOLVERHAMPTON	9	PBLJWM	WVH	WVH	13920	62989	7
203	XC DESTINATION	0	CATZQXD	QXD	QXD	19500	69999	5
204	XC ORIGIN	0	CATZQXO	QXO	QXO	18999	69999	5
