id	train_uid	runs_from	runs_to	monday	tuesday	wednesday	thursday	friday	saturday	sunday	bank_holiday_running	train_status	train_category	train_identity	headcode	course_indicator	profit_center	business_sector	power_type	timing_load	speed	operating_chars	train_class	sleepers	reservations	connect_indicator	catering_code	service_branding	stp_indicator
1	C00049	2026-05-17	2026-12-06	0	0	0	0	0	0	1	1	P	XX	1Y94	0202	1	25905000	\N	EMU	387	110	D	B	\N	S	\N	\N	\N	P
2	C00072	2026-05-17	2026-12-06	0	0	0	0	0	0	1	1	P	OO	9I89	\N	1	22215003	\N	EMU	378	075	D	S	\N	\N	\N	\N	\N	P
3	C02271	2026-05-17	2026-12-06	0	0	0	0	0	0	1	1	B	BS	0B00	\N	1	12325021	\N	\N	\N	\N	\N	\N	\N	\N	\N	\N	\N	P
4	C02507	2026-05-17	2026-09-13	0	0	0	0	0	0	1	1	P	XX	1A16	4818	1	25370002	\N	EMU	387	110	\N	S	\N	R	\N	\N	\N	P
5	C02507	2026-05-17	2026-08-09	0	0	0	0	0	0	1	1	\N	\N	\N	\N	1	\N	\N	\N	\N	\N	\N	\N	\N	\N	\N	\N	\N	C
6	C04856	2026-05-17	2026-10-18	0	0	0	0	0	0	1	1	S	\N	0S00	\N	1	13571015	\N	\N	\N	\N	\N	\N	\N	\N	\N	\N	\N	P
7	C55452	2026-05-17	2026-12-06	0	0	0	0	0	0	1	1	P	OL	2I01	\N	1	11798001	\N	EMU	\N	050	\N	\N	\N	\N	\N	\N	\N	P
8	W34546	2026-05-17	2026-12-06	0	0	0	0	0	0	1	1	P	XZ	1A50	1276	1	25396002	\N	D	350	075	\N	S	S	A	\N	C	\N	P
9	C04547	2026-05-18	2026-12-07	1	0	0	0	0	0	0	1	P	XZ	1B01	0002	1	23570004	4	D	210	090	R	S	B	A	\N	R	\N	P
10	C04551	2026-05-18	2026-12-07	1	0	0	0	0	0	0	1	P	XZ	1B16	0002	1	23559004	2	D	350	125	R	S	B	A	\N	R	\N	P
11	C04558	2026-05-18	2026-12-07	1	0	0	0	0	0	0	1	P	XZ	1C11	0004	1	23557004	2	E	92	080	R	S	B	A	\N	R	\N	P
12	C04561	2026-05-18	2026-12-07	1	0	0	0	0	0	0	1	P	XZ	1M11	0004	1	23556003	1	E	92	080	R	S	B	A	\N	R	\N	P
13	C04566	2026-05-18	2026-12-07	1	0	0	0	0	0	0	1	P	XZ	1M16	0002	1	23558003	1	D	385	125	R	S	B	A	\N	R	\N	P
14	C04569	2026-05-18	2026-12-07	1	0	0	0	0	0	0	1	P	XZ	1S25	0001	1	23558003	1	E	92	080	R	S	B	A	\N	R	\N	P
15	C04543	2026-05-19	2026-12-08	0	1	0	0	0	0	0	1	P	XZ	1A25	0001	1	23559003	2	D	350	125	R	S	B	A	\N	R	\N	P
16	C04577	2026-05-19	2026-12-08	0	1	0	0	0	0	0	1	P	XZ	1Y11	0001	1	23570003	4	D	210	090	R	S	B	A	\N	R	\N	P
17	C00070	2026-05-23	2026-12-12	0	0	0	0	0	1	0	1	P	OO	9I87	\N	1	22215003	\N	EMU	378	075	D	S	\N	\N	\N	\N	\N	P
18	C04543	2026-08-04	2026-08-04	0	1	0	0	0	0	0	1	P	XZ	1A25	0001	1	23559003	2	D	350	125	R	S	B	A	\N	R	\N	O
19	C04577	2026-08-04	2026-08-04	0	1	0	0	0	0	0	1	P	XZ	1Y11	0001	1	23570003	4	D	210	090	R	S	B	A	\N	R	\N	O
20	C00049	2026-08-09	2026-08-09	0	0	0	0	0	0	1	1	P	XX	1Y94	0202	1	25905000	\N	EMU	387	110	D	B	\N	S	\N	\N	\N	O
21	W34546	2026-08-09	2026-08-09	0	0	0	0	0	0	1	1	P	XZ	1A50	1276	1	25396002	\N	D	350	075	\N	S	S	A	\N	C	\N	O
22	C04547	2026-08-10	2026-08-10	1	0	0	0	0	0	0	1	P	XZ	1B01	0002	1	23570004	4	D	210	090	R	S	B	A	\N	R	\N	O
23	C04551	2026-08-10	2026-08-10	1	0	0	0	0	0	0	1	P	XZ	1B16	0002	1	23559004	2	D	350	125	R	S	B	A	\N	R	\N	O
24	C04558	2026-08-10	2026-08-10	1	0	0	0	0	0	0	1	P	XZ	1C11	0004	1	23557004	2	E	92	080	R	S	B	A	\N	R	\N	O
25	C04561	2026-08-10	2026-08-10	1	0	0	0	0	0	0	1	P	XZ	1M11	0004	1	23556003	1	E	92	080	R	S	B	A	\N	R	\N	O
26	C04566	2026-08-10	2026-08-10	1	0	0	0	0	0	0	1	P	XZ	1M16	0002	1	23558003	1	D	385	125	R	S	B	A	\N	R	\N	O
27	C04569	2026-08-10	2026-08-10	1	0	0	0	0	0	0	1	P	XZ	1S25	0001	1	23558003	1	E	92	080	R	S	B	A	\N	R	\N	O
28	C04543	2026-08-11	2026-08-11	0	1	0	0	0	0	0	1	P	XZ	1A25	0001	1	23559003	2	D	350	125	R	S	B	A	\N	R	\N	O
29	C04577	2026-08-11	2026-08-11	0	1	0	0	0	0	0	1	P	XZ	1Y11	0001	1	23570003	4	D	210	090	R	S	B	A	\N	R	\N	O
30	C00049	2026-08-16	2026-08-16	0	0	0	0	0	0	1	1	P	XX	1Y94	0202	1	25905000	\N	EMU	387	110	D	B	\N	S	\N	\N	\N	O
31	W34546	2026-08-16	2026-08-23	0	0	0	0	0	0	1	1	\N	\N	\N	\N	1	\N	\N	\N	\N	\N	\N	\N	\N	\N	\N	\N	\N	C
32	C04547	2026-08-17	2026-08-17	1	0	0	0	0	0	0	1	P	XZ	1B01	0002	1	23570004	4	D	210	090	R	S	B	A	\N	R	\N	O
33	C04551	2026-08-17	2026-08-17	1	0	0	0	0	0	0	1	P	XZ	1B16	0002	1	23559004	2	D	350	125	R	S	B	A	\N	R	\N	O
34	C04558	2026-08-17	2026-08-17	1	0	0	0	0	0	0	1	P	XZ	1C11	0004	1	23557004	2	E	92	080	R	S	B	A	\N	R	\N	O
35	C04561	2026-08-17	2026-08-17	1	0	0	0	0	0	0	1	P	XZ	1M11	0004	1	23556003	1	E	92	080	R	S	B	A	\N	R	\N	O
36	C04566	2026-08-17	2026-08-17	1	0	0	0	0	0	0	1	P	XZ	1M16	0002	1	23558003	1	D	385	125	R	S	B	A	\N	R	\N	O
37	C04569	2026-08-17	2026-08-17	1	0	0	0	0	0	0	1	P	XZ	1S25	0001	1	23558003	1	E	92	080	R	S	B	A	\N	R	\N	O
38	C04543	2026-08-18	2026-08-18	0	1	0	0	0	0	0	1	P	XZ	1A25	0001	1	23559003	2	D	350	125	R	S	B	A	\N	R	\N	O
39	C04577	2026-08-18	2026-08-18	0	1	0	0	0	0	0	1	P	XZ	1Y11	0001	1	23570003	4	D	210	090	R	S	B	A	\N	R	\N	O
40	C00049	2026-08-23	2026-08-23	0	0	0	0	0	0	1	1	P	XX	1Y94	0202	1	25905000	\N	EMU	387	110	D	B	\N	S	\N	\N	\N	O
41	C04547	2026-08-24	2026-08-24	1	0	0	0	0	0	0	1	P	XZ	1B01	0002	1	23570004	4	D	210	090	R	S	B	A	\N	R	\N	O
42	C04551	2026-08-24	2026-08-24	1	0	0	0	0	0	0	1	P	XZ	1B16	0002	1	23559004	2	D	350	125	R	S	B	A	\N	R	\N	O
43	C04558	2026-08-24	2026-08-24	1	0	0	0	0	0	0	1	P	XZ	1C11	0004	1	23557004	2	E	92	080	R	S	B	A	\N	R	\N	O
44	C04561	2026-08-24	2026-08-24	1	0	0	0	0	0	0	1	P	XZ	1M11	0004	1	23556003	1	E	92	080	R	S	B	A	\N	R	\N	O
45	C04566	2026-08-24	2026-08-24	1	0	0	0	0	0	0	1	P	XZ	1M16	0002	1	23558003	1	D	385	125	R	S	B	A	\N	R	\N	O
46	C04569	2026-08-24	2026-08-24	1	0	0	0	0	0	0	1	P	XZ	1S25	0001	1	23558003	1	E	92	080	R	S	B	A	\N	R	\N	O
47	C04543	2026-08-25	2026-08-25	0	1	0	0	0	0	0	1	P	XZ	1A25	0001	1	23559003	2	D	350	125	R	S	B	A	\N	R	\N	O
48	C04577	2026-08-25	2026-08-25	0	1	0	0	0	0	0	1	P	XZ	1Y11	0001	1	23570003	4	D	210	090	R	S	B	A	\N	R	\N	O
49	C00049	2026-08-30	2026-08-30	0	0	0	0	0	0	1	1	P	XX	1Y94	0202	1	25905000	\N	EMU	387	110	D	B	\N	S	\N	\N	\N	O
50	W34546	2026-08-30	2026-08-30	0	0	0	0	0	0	1	1	P	XZ	1A50	1276	1	25396002	\N	D	350	075	\N	S	S	A	\N	C	\N	O
51	C04547	2026-08-31	2026-08-31	1	0	0	0	0	0	0	1	P	XZ	1B01	0002	1	23570004	4	D	210	090	R	S	B	A	\N	R	\N	O
52	C04551	2026-08-31	2026-08-31	1	0	0	0	0	0	0	1	P	XZ	1B16	0002	1	23559004	2	D	350	125	R	S	B	A	\N	R	\N	O
53	C04558	2026-08-31	2026-08-31	1	0	0	0	0	0	0	1	P	XZ	1C11	0004	1	23557004	2	E	92	080	R	S	B	A	\N	R	\N	O
54	C04561	2026-08-31	2026-08-31	1	0	0	0	0	0	0	1	P	XZ	1M11	0004	1	23556003	1	E	92	080	R	S	B	A	\N	R	\N	O
55	C04566	2026-08-31	2026-08-31	1	0	0	0	0	0	0	1	P	XZ	1M16	0002	1	23558003	1	D	385	125	R	S	B	A	\N	R	\N	O
56	C04569	2026-08-31	2026-08-31	1	0	0	0	0	0	0	1	P	XZ	1S25	0001	1	23558003	1	E	92	080	R	S	B	A	\N	R	\N	O
57	C04543	2026-09-01	2026-09-01	0	1	0	0	0	0	0	1	P	XZ	1A25	0001	1	23559003	2	D	350	125	R	S	B	A	\N	R	\N	O
58	C04577	2026-09-01	2026-09-01	0	1	0	0	0	0	0	1	P	XZ	1Y11	0001	1	23570003	4	D	210	090	R	S	B	A	\N	R	\N	O
59	C02507	2026-09-06	2026-09-06	0	0	0	0	0	0	1	1	P	XX	1A16	\N	1	25370002	\N	EMU	387	110	\N	S	\N	\N	\N	T	\N	O
60	C04547	2026-09-07	2026-09-07	1	0	0	0	0	0	0	1	P	XZ	1B01	0002	1	23570004	4	D	210	090	R	S	B	A	\N	R	\N	O
61	C04551	2026-09-07	2026-09-07	1	0	0	0	0	0	0	1	P	XZ	1B16	0002	1	23559004	2	D	350	125	R	S	B	A	\N	R	\N	O
62	C04558	2026-09-07	2026-09-07	1	0	0	0	0	0	0	1	P	XZ	1C11	0004	1	23557004	2	E	92	080	R	S	B	A	\N	R	\N	O
63	C04561	2026-09-07	2026-09-07	1	0	0	0	0	0	0	1	P	XZ	1M11	0004	1	23556003	1	E	92	080	R	S	B	A	\N	R	\N	O
64	C04566	2026-09-07	2026-09-07	1	0	0	0	0	0	0	1	P	XZ	1M16	0002	1	23558003	1	D	385	125	R	S	B	A	\N	R	\N	O
65	C04569	2026-09-07	2026-09-07	1	0	0	0	0	0	0	1	P	XZ	1S25	0001	1	23558003	1	E	92	080	R	S	B	A	\N	R	\N	O
66	C04543	2026-09-08	2026-09-08	0	1	0	0	0	0	0	1	P	XZ	1A25	0001	1	23559003	2	D	350	125	R	S	B	A	\N	R	\N	O
67	C04577	2026-09-08	2026-09-08	0	1	0	0	0	0	0	1	P	XZ	1Y11	0001	1	23570003	4	D	210	090	R	S	B	A	\N	R	\N	O
68	C00049	2026-09-13	2026-09-13	0	0	0	0	0	0	1	1	P	XX	1Y94	0202	1	25905000	\N	EMU	387	110	D	B	\N	S	\N	\N	\N	O
69	C02507	2026-09-13	2026-09-13	0	0	0	0	0	0	1	1	P	XX	1A16	\N	1	25370002	\N	EMU	387	110	\N	S	\N	\N	\N	T	\N	O
70	C55452	2026-09-13	2026-09-13	0	0	0	0	0	0	1	1	\N	\N	\N	\N	1	\N	\N	\N	\N	\N	\N	\N	\N	\N	\N	\N	\N	C
71	W34546	2026-09-13	2026-09-13	0	0	0	0	0	0	1	1	P	XZ	1A50	1276	1	25396002	\N	D	350	075	\N	S	S	A	\N	C	\N	O
72	C04547	2026-09-14	2026-09-14	1	0	0	0	0	0	0	1	P	XZ	1B01	0002	1	23570004	4	D	210	090	R	S	B	A	\N	R	\N	O
73	C04551	2026-09-14	2026-09-14	1	0	0	0	0	0	0	1	P	XZ	1B16	0002	1	23559004	2	D	350	125	R	S	B	A	\N	R	\N	O
74	C04558	2026-09-14	2026-09-14	1	0	0	0	0	0	0	1	P	XZ	1C11	0004	1	23557004	2	E	92	080	R	S	B	A	\N	R	\N	O
75	C04561	2026-09-14	2026-09-14	1	0	0	0	0	0	0	1	P	XZ	1M11	0004	1	23556003	1	E	92	080	R	S	B	A	\N	R	\N	O
76	C04566	2026-09-14	2026-09-14	1	0	0	0	0	0	0	1	P	XZ	1M16	0002	1	23558003	1	D	385	125	R	S	B	A	\N	R	\N	O
77	C04569	2026-09-14	2026-09-14	1	0	0	0	0	0	0	1	P	XZ	1S25	0001	1	23558003	1	E	92	080	R	S	B	A	\N	R	\N	O
78	C04543	2026-09-15	2026-09-15	0	1	0	0	0	0	0	1	P	XZ	1A25	0001	1	23559003	2	D	350	125	R	S	B	A	\N	R	\N	O
79	C04577	2026-09-15	2026-09-15	0	1	0	0	0	0	0	1	P	XZ	1Y11	0001	1	23570003	4	D	210	090	R	S	B	A	\N	R	\N	O
80	W34546	2026-09-20	2026-09-20	0	0	0	0	0	0	1	1	P	XZ	1A50	1276	1	25396002	\N	D	350	075	\N	S	S	A	\N	C	\N	O
81	C04547	2026-09-21	2026-09-21	1	0	0	0	0	0	0	1	P	XZ	1B01	0002	1	23570004	4	D	210	090	R	S	B	A	\N	R	\N	O
82	C04551	2026-09-21	2026-09-21	1	0	0	0	0	0	0	1	P	XZ	1B16	0002	1	23559004	2	D	350	125	R	S	B	A	\N	R	\N	O
83	C04558	2026-09-21	2026-09-21	1	0	0	0	0	0	0	1	P	XZ	1C11	0004	1	23557004	2	E	92	080	R	S	B	A	\N	R	\N	O
84	C04561	2026-09-21	2026-09-21	1	0	0	0	0	0	0	1	P	XZ	1M11	0004	1	23556003	1	E	92	080	R	S	B	A	\N	R	\N	O
85	C04566	2026-09-21	2026-09-21	1	0	0	0	0	0	0	1	P	XZ	1M16	0002	1	23558003	1	D	385	125	R	S	B	A	\N	R	\N	O
86	C04569	2026-09-21	2026-09-21	1	0	0	0	0	0	0	1	P	XZ	1S25	0001	1	23558003	1	E	92	080	R	S	B	A	\N	R	\N	O
87	C04543	2026-09-22	2026-09-22	0	1	0	0	0	0	0	1	P	XZ	1A25	0001	1	23559003	2	D	350	125	R	S	B	A	\N	R	\N	O
88	C04577	2026-09-22	2026-09-22	0	1	0	0	0	0	0	1	P	XZ	1Y11	0001	1	23570003	4	D	210	090	R	S	B	A	\N	R	\N	O
89	C00049	2026-09-27	2026-09-27	0	0	0	0	0	0	1	1	\N	\N	\N	\N	1	\N	\N	\N	\N	\N	\N	\N	\N	\N	\N	\N	\N	C
90	W34546	2026-09-27	2026-09-27	0	0	0	0	0	0	1	1	\N	\N	\N	\N	1	\N	\N	\N	\N	\N	\N	\N	\N	\N	\N	\N	\N	C
91	C00070	2026-10-03	2026-10-03	0	0	0	0	0	1	0	1	P	OO	9I87	\N	1	22215003	\N	EMU	378	075	D	S	\N	\N	\N	\N	\N	O
92	C00049	2026-10-04	2026-10-04	0	0	0	0	0	0	1	1	P	XX	1Y94	0202	1	25905000	\N	EMU	387	110	D	B	\N	S	\N	\N	\N	O
93	C00072	2026-10-04	2026-10-04	0	0	0	0	0	0	1	1	P	OO	9I89	\N	1	22215003	\N	EMU	378	075	D	S	\N	\N	\N	\N	\N	O
94	W34546	2026-10-04	2026-10-04	0	0	0	0	0	0	1	1	P	XZ	1A50	1276	1	25396002	\N	D	350	075	\N	S	S	A	\N	C	\N	O
95	C04547	2026-10-05	2026-10-05	1	0	0	0	0	0	0	1	P	XZ	1B01	0002	1	23570004	4	D	210	090	R	S	B	A	\N	R	\N	O
96	C04551	2026-10-05	2026-10-05	1	0	0	0	0	0	0	1	P	XZ	1B16	0002	1	23559004	2	D	350	125	R	S	B	A	\N	R	\N	O
97	C04558	2026-10-05	2026-10-05	1	0	0	0	0	0	0	1	P	XZ	1C11	0004	1	23557004	2	E	92	080	R	S	B	A	\N	R	\N	O
98	C04561	2026-10-05	2026-10-05	1	0	0	0	0	0	0	1	P	XZ	1M11	0004	1	23556003	1	E	92	080	R	S	B	A	\N	R	\N	O
99	C04566	2026-10-05	2026-10-05	1	0	0	0	0	0	0	1	P	XZ	1M16	0002	1	23558003	1	D	385	125	R	S	B	A	\N	R	\N	O
100	C04569	2026-10-05	2026-10-05	1	0	0	0	0	0	0	1	P	XZ	1S25	0001	1	23558003	1	E	92	080	R	S	B	A	\N	R	\N	O
101	C04543	2026-10-06	2026-10-06	0	1	0	0	0	0	0	1	P	XZ	1A25	0001	1	23559003	2	D	350	125	R	S	B	A	\N	R	\N	O
102	C04577	2026-10-06	2026-10-06	0	1	0	0	0	0	0	1	P	XZ	1Y11	0001	1	23570003	4	D	210	090	R	S	B	A	\N	R	\N	O
103	C00049	2026-10-11	2026-10-11	0	0	0	0	0	0	1	1	P	XX	1Y94	0202	1	25905000	\N	EMU	387	110	D	B	\N	S	\N	\N	\N	O
104	C04547	2026-10-12	2026-10-12	1	0	0	0	0	0	0	1	P	XZ	1B01	0002	1	23570004	4	D	210	090	R	S	B	A	\N	R	\N	O
105	C04551	2026-10-12	2026-10-12	1	0	0	0	0	0	0	1	P	XZ	1B16	0002	1	23559004	2	D	350	125	R	S	B	A	\N	R	\N	O
106	C04558	2026-10-12	2026-10-12	1	0	0	0	0	0	0	1	P	XZ	1C11	0004	1	23557004	2	E	92	080	R	S	B	A	\N	R	\N	O
107	C04561	2026-10-12	2026-10-12	1	0	0	0	0	0	0	1	P	XZ	1M11	0004	1	23556003	1	E	92	080	R	S	B	A	\N	R	\N	O
108	C04566	2026-10-12	2026-10-12	1	0	0	0	0	0	0	1	P	XZ	1M16	0002	1	23558003	1	D	385	125	R	S	B	A	\N	R	\N	O
109	C04569	2026-10-12	2026-10-12	1	0	0	0	0	0	0	1	P	XZ	1S25	0001	1	23558003	1	E	92	080	R	S	B	A	\N	R	\N	O
110	C04543	2026-10-13	2026-10-13	0	1	0	0	0	0	0	1	P	XZ	1A25	0001	1	23559003	2	D	350	125	R	S	B	A	\N	R	\N	O
111	C04577	2026-10-13	2026-10-13	0	1	0	0	0	0	0	1	P	XZ	1Y11	0001	1	23570003	4	D	210	090	R	S	B	A	\N	R	\N	O
112	C00049	2026-10-18	2026-10-18	0	0	0	0	0	0	1	1	P	XX	1Y94	0202	1	25905000	\N	EMU	387	110	D	B	\N	S	\N	\N	\N	O
113	W34546	2026-10-18	2026-10-18	0	0	0	0	0	0	1	1	\N	\N	\N	\N	1	\N	\N	\N	\N	\N	\N	\N	\N	\N	\N	\N	\N	C
114	C04547	2026-10-19	2026-10-19	1	0	0	0	0	0	0	1	P	XZ	1B01	0002	1	23570004	4	D	210	090	R	S	B	A	\N	R	\N	O
115	C04551	2026-10-19	2026-10-19	1	0	0	0	0	0	0	1	P	XZ	1B16	0002	1	23559004	2	D	350	125	R	S	B	A	\N	R	\N	O
116	C04558	2026-10-19	2026-10-19	1	0	0	0	0	0	0	1	P	XZ	1C11	0004	1	23557004	2	E	92	080	R	S	B	A	\N	R	\N	O
117	C04561	2026-10-19	2026-10-19	1	0	0	0	0	0	0	1	P	XZ	1M11	0004	1	23556003	1	E	92	080	R	S	B	A	\N	R	\N	O
118	C04566	2026-10-19	2026-10-19	1	0	0	0	0	0	0	1	P	XZ	1M16	0002	1	23558003	1	D	385	125	R	S	B	A	\N	R	\N	O
119	C04569	2026-10-19	2026-10-19	1	0	0	0	0	0	0	1	P	XZ	1S25	0001	1	23558003	1	E	92	080	R	S	B	A	\N	R	\N	O
120	C04543	2026-10-20	2026-10-20	0	1	0	0	0	0	0	1	P	XZ	1A25	0001	1	23559003	2	D	350	125	R	S	B	A	\N	R	\N	O
121	C04577	2026-10-20	2026-10-20	0	1	0	0	0	0	0	1	P	XZ	1Y11	0001	1	23570003	4	D	210	090	R	S	B	A	\N	R	\N	O
122	W34546	2026-10-25	2026-10-25	0	0	0	0	0	0	1	1	P	XZ	1A50	1276	1	25396002	\N	D	350	075	\N	S	S	A	\N	C	\N	O
123	C04558	2026-10-26	2026-10-26	1	0	0	0	0	0	0	1	P	XZ	1C11	0004	1	23557004	2	E	92	080	R	S	B	A	\N	R	\N	O
124	C04561	2026-10-26	2026-10-26	1	0	0	0	0	0	0	1	P	XZ	1M11	0004	1	23556003	1	E	92	080	R	S	B	A	\N	R	\N	O
125	C00070	2026-10-31	2026-10-31	0	0	0	0	0	1	0	1	\N	\N	\N	\N	1	\N	\N	\N	\N	\N	\N	\N	\N	\N	\N	\N	\N	C
126	C00049	2026-11-01	2026-11-01	0	0	0	0	0	0	1	1	\N	\N	\N	\N	1	\N	\N	\N	\N	\N	\N	\N	\N	\N	\N	\N	\N	C
127	W34546	2026-11-01	2026-11-01	0	0	0	0	0	0	1	1	P	XZ	1A50	1276	1	25396002	\N	D	350	075	\N	S	S	A	\N	C	\N	O
128	C00049	2026-11-08	2026-11-08	0	0	0	0	0	0	1	1	P	XX	1Y94	0202	1	25905000	\N	EMU	387	110	D	B	\N	S	\N	\N	\N	O
129	C55452	2026-11-08	2026-11-08	0	0	0	0	0	0	1	1	\N	\N	\N	\N	1	\N	\N	\N	\N	\N	\N	\N	\N	\N	\N	\N	\N	C
130	W34546	2026-11-08	2026-11-08	0	0	0	0	0	0	1	1	\N	\N	\N	\N	1	\N	\N	\N	\N	\N	\N	\N	\N	\N	\N	\N	\N	C
131	C00049	2026-11-15	2026-11-15	0	0	0	0	0	0	1	1	P	XX	1Y94	0202	1	25905000	\N	EMU	387	110	D	B	\N	S	\N	\N	\N	O
132	W34546	2026-11-15	2026-11-15	0	0	0	0	0	0	1	1	P	XZ	1A50	1276	1	25396002	\N	D	350	075	\N	S	S	A	\N	C	\N	O
133	C00049	2026-11-22	2026-11-22	0	0	0	0	0	0	1	1	P	XX	1Y94	0202	1	25905000	\N	EMU	387	110	D	B	\N	S	\N	\N	\N	O
134	W34546	2026-11-22	2026-11-22	0	0	0	0	0	0	1	1	P	XZ	1A50	1276	1	25396002	\N	D	350	075	\N	S	S	A	\N	C	\N	O
