id	tiploc_code	capitals	nalco	nlc_check_character	tps_description	stanox	po_mcp_code	crs_code	description
1	ABINGTN	00	969700	F	ABINGTON	07972	0	\N	\N
2	ABRD222	00	897604	K	NEWTONHILL SIG A222	02085	0	\N	\N
3	ABRD223	00	897605	L	NEWTONHILL SIG A223	02087	0	\N	\N
4	ABRD229	00	897689	Q	ABERDEEN A229 SIGNAL	02092	0	\N	\N
5	ABRD230	00	897687	X	ABERDEEN A230 SIGNAL	02091	0	\N	\N
6	ABRD55	00	897685	M	ABERDEEN A55 SIGNAL	02089	0	\N	\N
7	ABRD56	00	897686	N	ABERDEEN A56 SIGNAL	02090	0	\N	\N
8	ABRDEEN	00	897600	G	ABERDEEN	02071	2800	ABD	ABERDEEN
9	ABRDFJN	56	897662	D	ABERDEEN FERRYHILL JN	02082	0	\N	\N
10	ACBG	02	228700	B	ACTON BRIDGE	37001	0	ACB	ACTON BRIDGE
11	ACGJN	06	238401	U	ACTON GRANGE JN	35555	0	\N	\N
12	ACHNGRY	00	970415	P	AUCHENGRAY	04120	0	\N	\N
13	ACTONW	16	300058	Q	ACTON WEST	73251	0	\N	\N
14	AIRDRIE	00	975900	U	AIRDRIE	07327	0	ADR	AIRDRIE
15	AIRP	00	884500	P	AIRPORT (NEWCASTLE)	12401	0	APN	\N
16	AISHXO	00	355550	W	AISH EMERGENCY CROSSOVER	84060	0	\N	\N
17	AMNGTNJ	00	132350	U	AMINGTON JUNCTION	69003	0	XIM	\N
18	ANSL	00	997200	V	ANNIESLAND	06222	0	ANL	ANNIESLAND
19	ARBROTH	00	907900	E	ARBROATH	03023	0	ARB	ARBROATH
20	ARCHRAT	32	996300	T	ARROCHAR & TARBET	06101	0	ART	ARROCHAR & TAR
21	ARDLUI	00	996200	P	ARDLUI	06059	0	AUI	ARDLUI
22	ASTON	00	100400	K	ASTON	65651	0	AST	ASTON
23	ATHLNEY	00	347195	W	ATHELNEY CROSSING	82307	0	\N	\N
24	AUCHTDR	00	874501	F	AUCHTERARDER SB	03151	0	\N	\N
25	AVIEMRE	00	861000	Q	AVIEMORE	01144	0	AVM	AVIEMORE
26	BALSHWL	32	271003	U	BALSHAW LANE	30165	0	\N	\N
27	BATHSPA	08	327100	A	BATH SPA	81501	2806	BTH	BATH SPA
28	BBGHGL	25	275301	Q	BARTON & BROUGHTON	30106	0	\N	\N
29	BEATCK	48	960100	E	BEATTOCK	07977	0	\N	\N
30	BEATCKS	32	960200	J	BEATTOCK SUMMIT	07975	0	\N	\N
31	BEDYN	00	307000	Z	BEDWYN	74816	0	BDW	BEDWYN
32	BGLWJN	08	350300	R	BURNGULLOW JN	85401	0	\N	\N
33	BHAMINT	08	121500	U	BIRMINGHAM INTERNATIONAL	69215	0	BHI	BIRMINGHAM INTL
34	BHLP	04	880534	A	BARNHILL (PERTH)	03095	0	\N	\N
35	BISLND	00	910700	C	BURNTISLAND	03291	0	BTS	BURNTISLAND
36	BKSWELL	00	104500	T	BERKSWELL	69211	0	BKW	BERKSWELL
37	BLARATH	08	875000	J	BLAIR ATHOLL	03101	0	BLA	BLAIR ATHOLL
38	BLBGJN	08	570765	Q	BLATCHBRIDGE JN	82207	0	\N	\N
39	BLFD	00	871560	B	BLACKFORD	03155	0	\N	\N
40	BLGRVE	00	989500	R	BELLGROVE	06701	0	BLG	BELLGROVE
41	BLTCHLY	00	136000	Z	BLETCHLEY	70306	2815	BLY	BLETCHLEY
42	BODMNPW	16	350100	H	BODMIN PARKWAY	85011	3071	BOD	BODMIN PARKWAY
43	BONENDJ	00	140224	W	BOURNE END JN (HERTS)	71009	0	XOE	\N
44	BOORCHY	03	882300	X	BRIDGE OF ORCHY	06037	0	BRO	BRIDGE OF ORCHY
45	BRDGWTR	00	344900	Y	BRIDGWATER	81924	0	BWT	BRIDGWATER
46	BRFRY	02	902300	W	BROUGHTY FERRY	03041	0	BYF	BROUGHTY FERRY
47	BRSTLEJ	48	322460	U	BRISTOL EAST JN	81690	0	\N	\N
48	BRSTLTM	48	323100	Y	BRISTOL TEMPLE MEADS	81700	2821	BRI	BRISTOL TEMPLE M
49	BRSTLWJ	48	320755	B	BRISTOL WEST JN.	81812	0	\N	\N
50	BRWHINS	02	774000	M	BROCKLEY WHINS	14003	0	BNR	BROCKLEY WHINS
51	BSBYJN	08	116700	J	BUSHBURY JN	65006	0	XBJ	\N
52	BSCTSTA	00	100300	F	BESCOT STADIUM	65707	0	BSC	BESCOT STADIUM
53	BSHB	00	994000	X	BISHOPBRIGGS	06443	0	BBG	BISHOPBRIGGS
54	BTHGATE	00	931100	B	BATHGATE	04010	0	BHG	BATHGATE
55	BTHMPTJ	00	326360	U	BATHAMPTON JN	75356	0	\N	\N
56	CAARMNT	00	893200	E	CARMONT	02115	0	\N	\N
57	CANALJ	16	065105	Z	CANAL JUNCTION (NEW CROSS)	87578	0	\N	\N
58	CARLCJN	16	211802	R	CALDEW JN	09159	0	\N	\N
59	CARLILE	00	211800	P	CARLISLE	09161	2827	CAR	CARLISLE
60	CARRBDG	00	862100	F	CARRBRIDGE	01138	0	CAG	CARRBRIDGE
61	CBORNE	00	350400	V	CAMBORNE	85622	0	CBN	CAMBORNE
62	CBORR10	00	350402	B	REDRUTH SIGNAL R10	85624	0	\N	\N
63	CBORSR6	00	350401	A	GWINEAR ROAD SIGNAL R6	85623	0	\N	\N
64	CCARY	01	570300	Z	CASTLE CARY	82301	0	CLC	CASTLE CARY
65	CHALLOW	00	303054	K	CHALLOW	74329	0	\N	\N
66	CHIPNHM	00	326700	A	CHIPPENHAM	75352	0	CPM	CHIPPENHAM
67	CIVI	00	868500	U	PARK LANE (SUNDERLAND)	14034	0	CIC	\N
68	CLNKRDJ	40	570766	R	CLINK ROAD JN	82200	0	\N	\N
69	CMDNJN	08	136701	J	CAMDEN JN	72315	0	\N	\N
70	CMDNSTH	08	144005	U	CAMDEN SOUTH JN	72316	0	\N	\N
71	CMPRDNJ	32	903360	K	CAMPERDOWN JN	03043	0	\N	\N
72	CNDAW	00	165900	U	CANADA WATER	87568	0	ZCW	CANADA WATER
73	CNNBELL	00	144101	V	CANONBURY ELL	52049	0	XIC	CANONBURY ELL
74	CNST	00	902800	K	CARNOUSTIE	03031	0	CAN	CARNOUSTIE
75	COATBDS	32	975200	J	COATBRIDGE SUNNYSIDE	07331	0	CBS	COATBRIDGE SSIDE
76	COBB712	00	923001	A	COBBINSHAW SIG EJ712	04121	0	\N	\N
77	COBB713	00	923002	B	COBBINSHAW SIG EJ713	04122	0	\N	\N
78	COGLOAD	00	347198	L	COGLOAD JN	83010	0	\N	\N
79	COLWICH	00	108401	U	COLWICH	43328	0	XCO	\N
80	CORROUR	00	882500	B	CORROUR	06031	0	CRR	CORROUR
81	COVNTRY	00	103000	L	COVENTRY	69202	2834	COV	COVENTRY
82	CRAHALL	00	864942	E	CRADLEHALL	01130	0	\N	\N
83	CRAIGO	00	889463	T	CRAIGO	03003	0	\N	\N
84	CREWBHJ	56	123908	R	CREWE BASFORD HALL JN	42155	0	\N	\N
85	CREWE	00	124300	J	CREWE	42140	2835	CRE	CREWE
86	CREWECY	48	124330	Y	CREWE COAL YARD	42128	0	\N	\N
87	CRGDRNJ	32	997061	W	CRAIGENDORAN JN	06112	0	\N	\N
88	CRGISTH	00	886767	Y	CRAIGINCHES SOUTH	02107	0	\N	\N
89	CRMRSEJ	00	987665	W	CARMUIRS EAST JN	05019	0	\N	\N
90	CRNFNJN	24	264009	X	CARNFORTH NORTH JN	11526	0	XOA	\N
91	CRNLRCH	00	882600	G	CRIANLARICH	06058	0	CNR	CRIANLARICH
92	CROY	00	994300	G	CROY	06457	0	CRO	CROY
93	CRSTRS	00	970400	H	CARSTAIRS	07962	0	CRS	CARSTAIRS
94	CRSTRSE	32	970486	X	CARSTAIRS EAST JN	07961	0	\N	\N
95	CRSTRSN	00	970494	P	CARSTAIRS NORTH JN	08018	0	\N	\N
96	CRSTRSS	32	970487	P	CARSTAIRS SOUTH JN	07966	0	\N	\N
97	CRSTUPL	56	970405	M	CARSTAIRS U.P.L.	07965	0	\N	\N
98	CTENHLJ	00	106926	T	COURTEENHALL JN	70203	0	\N	\N
99	CULDNMR	16	862400	T	CULLODEN	01131	0	\N	\N
100	CUMBRAE	00	905300	G	CUMBRAE SLIP	00000	0	CUL	\N
101	CUPAR	00	912100	J	CUPAR	03205	0	CUP	CUPAR
102	CWDNBTH	00	918500	C	COWDENBEATH	03256	0	COW	COWDENBEATH
103	CWLRSEJ	48	962677	C	COWLAIRS EAST JN	06423	0	\N	\N
104	CWLRSNJ	48	962675	A	COWLAIRS NORTH JN	06416	0	\N	\N
105	CWLYBDG	08	341663	D	COWLEY BRIDGE JN	83398	0	\N	\N
106	DAINTNT	32	355859	J	DAINTON TUNNEL	83699	0	\N	\N
107	DALAMBR	16	238501	D	DALLAM JUNCTION	35509	0	\N	\N
108	DALMUIR	00	999200	N	DALMUIR	06211	0	DMR	DALMUIR
109	DALS	00	144300	W	DALSTON JUNCTION STN ELL	52074	0	DLJ	DALSTON JUNCTION
110	DALWHIN	00	862800	R	DALWHINNIE	01154	0	DLW	DALWHINNIE
111	DAWLISH	00	340800	W	DAWLISH	83605	0	DWL	DAWLISH
112	DAWLSHW	32	340900	N	DAWLISH WARREN	83603	0	DWW	DAWLISH WARREN
113	DIDCOTP	32	303000	X	DIDCOT PARKWAY	74313	0	DID	DIDCOT PARKWAY
114	DIDCTEJ	48	303057	N	DIDCOT EAST JN	74320	0	\N	\N
115	DLMYJN	08	941561	F	DALMENY JN	04203	0	\N	\N
116	DLNCRDH	00	875060	E	DALNACARDOCH	03100	0	\N	\N
117	DLNSPDL	00	862861	N	DALNASPIDAL	01157	0	\N	\N
118	DLREOCH	00	986400	X	DALREOCH	06134	0	DLR	DALREOCH
119	DMBRTNC	32	986600	B	DUMBARTON CENTRAL	06136	0	DBC	DUMBARTON CTL
120	DNBGHSJ	56	136009	F	DENBIGH HALL SOUTH JN	70265	0	\N	\N
121	DNFRMLE	00	918600	H	DUNFERMLINE CITY	03321	0	DFE	DUNFERMLINE CITY
122	DOLPHNJ	00	317258	R	DOLPHIN JN	73819	0	\N	\N
123	DRBY	00	182300	P	DERBY	57403	2840	DBY	DERBY
124	DRLSTNJ	32	100311	J	DARLASTON JN	65089	0	\N	\N
125	DUNA43	00	871302	U	DUNBLANE SIGNAL 43	03168	0	\N	\N
126	DUNANE	00	871300	Z	DUNBLANE	03161	0	DBL	DUNBLANE
127	DUND697	00	903906	F	DUNDEE 697 SIGNAL	03059	0	\N	\N
128	DUNDCJ	24	903964	U	DUNDEE CENTRAL JN	03053	0	\N	\N
129	DUNDETB	48	903900	V	DUNDEE	03054	0	DEE	DUNDEE
130	DUNKELD	00	876300	W	DUNKELD & BIRNAM	03106	0	DKD	DUNKELD
131	DVNTYNJ	48	108747	W	DAVENTRY NORTH JN	70075	0	\N	\N
132	EBOLDON	01	774600	Z	EAST BOLDON	14006	0	EBL	EAST BOLDON
133	EDENVGL	56	210201	C	EDEN VALLEY	09314	0	\N	\N
134	EDIN813	00	932843	M	EDINBURGH SIGNAL E813	04306	0	\N	\N
135	EDIN815	00	932845	X	EDINBURGH SIGNAL E815	04307	0	\N	\N
136	EDINBUR	00	932800	T	EDINBURGH	04303	2851	EDB	EDINBURGH
137	EGLNSTJ	40	978096	H	EGLINTON ST JN	07245	0	\N	\N
138	ELLBNLL	00	686605	N	ELL BOUNDARY NLL	87660	0	\N	\N
139	EMPKAIR	56	654800	R	EAST MIDLANDS AIRPORT (BUS	00000	0	EMA	\N
140	ERROLLC	00	876600	A	ERROL	03069	0	\N	\N
141	ESTSOMJ	36	570800	U	EAST SOMERSET JN	82241	0	\N	\N
142	EUSTON	00	144400	N	LONDON EUSTON	72410	2893	EUS	LONDON EUSTON
143	EUXTONJ	32	271001	Z	EUXTON JN	30164	0	XOU	\N
144	EXETRSD	48	341000	U	EXETER ST DAVIDS	83421	2854	EXD	EXETER ST DAVIDS
145	FALKRKG	32	993000	H	FALKIRK GRAHAMSTON	05041	0	FKG	FALKIRK GHSTON
146	FALKRKH	32	993100	M	FALKIRK HIGH	05109	0	FKK	FALKIRK HIGH
147	FELL	00	868300	L	FELLGATE	13150	0	FEG	FELLGATE METRO
148	FLORSTN	00	211102	F	FLORISTON	09099	0	\N	\N
149	FNSTNEJ	48	991460	W	FINNIESTON EAST JN	06362	0	\N	\N
150	FOXHALJ	32	303056	M	FOXHALL JN	74315	0	XJF	\N
151	FRNGTNC	32	275303	Y	FARINGTON CURVE JN	30150	0	\N	\N
152	FRTWJN	12	882783	P	FORT WILLIAM JN	06019	0	\N	\N
153	FRTWLM	04	882700	L	FORT WILLIAM	06025	0	FTW	FORT WILLIAM
154	FRWDJN	08	570767	Y	FAIRWOOD JN	82118	0	\N	\N
155	GLDL	02	996311	B	GLEN DOUGLAS	06104	0	\N	\N
156	GLGC	04	981300	T	GLASGOW CENTRAL	07257	2857	GLC	GLASGOW CENTRAL
157	GLGCBSJ	00	981325	W	GLASGOW BRIDGE STREET JN	07246	0	\N	\N
158	GLGQLL	04	991200	D	GLASGOW QUEEN STREET LL	06399	2858	GQL	GLSW QUEEN ST LL
159	GLNEGLS	00	871500	G	GLENEAGLES	03153	0	GLE	GLENEAGLES
160	GLNRTHS	00	930100	R	GLENROTHES WITH THORNTON	03241	0	GLT	GLNRTHES THORNT
161	GNHLUJN	24	987562	A	GREENHILL UPPER JN	05024	0	\N	\N
162	GOLBRNJ	32	236200	Z	GOLBORNE JN	35204	0	\N	\N
163	GORASTR	08	303300	G	GORING & STREATLEY	74291	0	GOR	GORING & STRTLEY
164	GRETNAJ	32	961060	B	GRETNA JN	09095	0	XGS	\N
165	GRIGG	00	209001	U	GRAYRIGG	09335	0	\N	\N
166	GRLCHHD	00	997100	R	GARELOCHHEAD	06105	0	GCH	GARELOCHEAD
167	GRNGMTJ	32	987262	W	GRANGEMOUTH JN	05042	0	XGM	\N
168	GRNLNNG	00	871361	P	GREENLOANING	03156	0	\N	\N
169	GSTANG	01	268505	R	GARSTANG & CATTERAL	11727	0	\N	\N
170	HAGGERS	00	102200	X	HAGGERSTON	52078	0	HGG	HAGGERSTON
171	HANSLPJ	32	136403	Z	HANSLOPE JN	70201	0	XHN	\N
172	HARTFDJ	32	223002	C	HARTFORD JN	37003	0	\N	\N
173	HAYMRKT	00	941900	G	HAYMARKET	04235	0	HYM	HAYMARKET
174	HAYMRWJ	48	941980	H	HAYMARKET WEST JN	04221	0	\N	\N
175	HEMERDN	00	359866	X	HEMERDON	84075	0	\N	\N
176	HEWOMTR	00	914000	Y	HEWORTH (METRO)	13157	0	HEZ	\N
177	HIGHBYE	00	686603	L	HIGHBURY AND ISLINGTON ELL	52051	0	XHZ	HIGH AND IS ELL
178	HILT19	00	880504	X	HILTON JN HJ19 SIGNAL	03145	0	\N	\N
179	HILT4	00	880506	Q	HILTON JN HJ4 SIGNAL	03144	0	\N	\N
180	HILTONJ	32	880536	C	HILTON JN	03149	0	\N	\N
181	HLNSBRU	32	998200	G	HELENSBURGH UPPER	06108	0	HLU	HELENSBURGH UPP
182	HMTNJ	11	108769	Q	HILLMORTON JN	70070	0	\N	\N
183	HOXTON	00	102300	Z	HOXTON	52080	0	HOX	HOXTON
184	HROW	04	139700	G	HARROW & WEALDSTONE	72007	0	HRW	HARROW & WEALDST
185	HTRWAJN	24	318620	E	HEATHROW AIRPORT JN	73775	0	\N	\N
186	HTRWAPT	08	709000	Q	HEATHROW TERMINALS 2 & 3	73778	0	HXX	HEX T1
187	HTRWTJN	00	318622	G	HEATHROW TUNNEL JN.	73784	0	\N	\N
188	HTRWTM5	08	984600	K	HEATHROW TERMINAL 5	73767	0	HWV	HEATHROW T5
189	HUNGRFD	00	307200	G	HUNGERFORD	74815	0	HGD	HUNGERFORD
190	HWRDJN	10	571275	B	HEYWOOD ROAD JN	82092	0	\N	\N
191	HYNDLEJ	48	984581	H	HYNDLAND EAST JN	06353	0	\N	\N
192	INVKLOR	00	904700	Z	INVERKEILOR	03021	0	\N	\N
193	IVRKTHG	00	913600	Y	INVERKEITHING	03331	0	INK	INVERKEITHING
194	IVRNESS	00	864900	N	INVERNESS	01100	0	INV	INVERNESS
195	IVYBDGE	00	355500	Q	IVYBRIDGE	84067	0	IVY	IVYBRIDGE
196	KCLD	00	914500	T	KIRKCALDY	03272	0	KDY	KIRKCALDY
197	KGMRJCN	00	211910	A	KINGMOOR JN	09153	0	\N	\N
198	KGUSSIE	00	865500	A	KINGUSSIE	01147	0	KIN	KINGUSSIE
199	KNCRAIG	00	865400	Y	KINCRAIG	01145	0	\N	\N
200	KRKP862	00	961064	F	COVE SIGNAL MC862	07988	0	\N	\N
201	KRKP863	00	961063	E	KIRKPATRICK SIGNAL MC863	07989	0	\N	\N
202	LADYBNK	00	914900	R	LADYBANK	03221	0	LDY	LADYBANK
203	LANARKJ	32	971063	P	LANARK JN	07956	0	\N	\N
204	LANCSTR	00	268500	M	LANCASTER	11720	2880	LAN	LANCASTER
205	LARBERJ	32	987667	K	LARBERT JN	05015	0	\N	\N
206	LARGS	00	952100	H	LARGS	08221	0	LAR	LARGS
207	LAVNGTN	00	302800	B	LAVINGTON	74822	0	\N	\N
208	LAWJ	04	970300	C	LAW JN	07953	0	\N	\N
209	LBRDFJN	00	135602	U	LITTLE BRIDGEFORD JN	42304	0	\N	\N
210	LCHTCUR	00	129109	T	CURBOROUGH JN	65321	0	\N	\N
211	LCHTNJ	00	129107	Y	LICHFIELD NORTH JN (LL)	65309	0	XOI	\N
212	LCKRBIE	00	961400	D	LOCKERBIE	07981	0	LOC	LOCKERBIE
213	LDBRKJ	48	309400	H	LADBROKE GROVE	73111	0	\N	\N
214	LEDBRNJ	32	137301	Z	LEDBURN JN	70320	0	XOD	\N
215	LENZIE	00	995500	A	LENZIE	06454	0	LNZ	LENZIE
216	LEUCHRS	00	918800	R	LEUCHARS	03203	0	LEU	LEUCHARS
217	LFGNLC	24	877860	M	LONGFORGAN L.C.	03064	0	\N	\N
218	LIPSONJ	32	357759	Y	LIPSON JUNCTION	84135	0	\N	\N
219	LISKARD	00	357300	T	LISKEARD	84411	0	LSK	LISKEARD
220	LNGBKBY	04	106700	U	LONG BUCKBY	70091	0	LBK	LONG BUCKBY
221	LNGROCK	04	352674	C	LONG ROCK	85730	0	\N	\N
222	LNLTHGW	00	943800	P	LINLITHGOW	05119	0	LIN	LINLITHGOW
223	LRGN	00	350164	G	LARGIN JN	84431	0	\N	\N
224	LRKFLDJ	32	979964	C	LARKFIELD JN	07262	0	\N	\N
225	LRNCKRK	00	893100	V	LAURENCEKIRK	03001	0	LAU	LAURENCEKIRK
226	LSTWTHL	00	351700	U	LOSTWITHIEL	85101	0	LOS	LOSTWITHIEL
227	MADELEY	00	126808	K	MADELEY (STAFFS)	42302	0	\N	\N
228	MDCLDRJ	32	923061	Y	MIDCALDER JN	04111	0	\N	\N
229	MDNHEAD	00	314700	U	MAIDENHEAD	74005	0	MAI	MAIDENHEAD
230	MENH259	00	357601	N	MENHENIOT SIG UM259	84402	0	\N	\N
231	MILBRNJ	32	865162	A	MILLBURN JN	01109	0	\N	\N
232	MKNSCEN	09	137800	T	MILTON KEYNES CENTRAL	70261	3397	MKC	MILTON KEYNES C
233	MLLF	00	868700	W	MILLFIELD STN T&WM	14038	0	MIF	\N
234	MONTRSE	00	908000	M	MONTROSE	03014	0	MTS	MONTROSE
235	MORCMSJ	48	268502	X	MORECAMBE SOUTH JN	11718	0	\N	\N
236	MOTHRWL	00	969100	U	MOTHERWELL	07466	2937	MTH	MOTHERWELL
237	MOYY	00	866400	C	MOY	01133	0	\N	\N
238	MRYHILL	00	995700	K	MARYHILL	06233	0	MYH	MARYHILL
239	NABT	01	342600	M	NEWTON ABBOT	83624	3416	NTA	NEWTON ABBOT
240	NABTWJ	00	342607	Z	NEWTON ABBOT WEST JUNCTION	83625	0	\N	\N
241	NEWBURY	00	307400	Q	NEWBURY	74803	0	NBY	NEWBURY
242	NEWXGEL	00	534505	Y	NEW CROSS GATE STATION ELL	87603	0	\N	\N
243	NEWXNJN	00	534504	R	NEW CROSS GATE NORTH JCN	87588	0	\N	\N
244	NMPTN	00	106900	W	NORTHAMPTON	70100	0	NMP	NORTHAMPTON
245	NNTN	00	107700	F	NUNEATON	69021	0	NUN	NUNEATON
246	NNTNASJ	00	107715	N	ASHBY JUNCTION	69013	0	\N	\N
247	NSMRSTJ	33	322461	V	NORTH SOMERSET JN	81606	0	\N	\N
248	NTNB	04	135600	Z	NORTON BRIDGE	42312	0	\N	NORTON BRIDGE
249	NTNFTZN	04	346500	M	NORTON FITZWARREN	83011	0	\N	\N
250	NWBG	00	942661	R	NEWBRIDGE JN	04032	0	\N	\N
251	NWCSRC	00	914600	C	REGENT CENTRE (NEWCASTLE)	12405	0	REG	\N
252	NWCSTLL	00	914400	P	NEWCASTLE (METRO)	12929	0	NCZ	\N
253	NWTLEJ	00	977401	L	NEWTON EAST JN	07414	0	\N	\N
254	NWTLWJ	00	977405	P	NEWTON WEST JN	07413	0	\N	\N
255	NWTM	00	866800	V	NEWTONMORE	01151	0	NWR	NEWTONMORE
256	OXENHLM	00	209000	T	OXENHOLME LAKE DISTRICT	11012	0	OXN	OXENHOLME
257	PADTON	00	308700	P	LONDON PADDINGTON	73000	2910	PAD	LONDON PADDINGTN
258	PALL	00	868800	N	PALLION STN T&WM	14037	0	PAI	\N
259	PARR	00	352400	N	PAR	85111	0	PAR	PAR
260	PARSNST	16	324600	E	PARSON STREET	81819	0	PSN	PARSON STREET
261	PBLJWM	04	121804	R	PORTOBELLO JN (WEST MIDS)	65085	0	XPJ	\N
262	PELAWMJ	00	775410	Z	PELAW METRO JUNCTION	13152	0	\N	\N
263	PELAWTW	00	884200	A	PELAW TYNE & WEAR METRO	13154	0	PAW	\N
264	PENZNCE	00	352600	A	PENZANCE	85734	3442	PNZ	PENZANCE
265	PERTH	00	880500	K	PERTH	03140	0	PTH	PERTH
266	PLYMTH	00	358000	M	PLYMOUTH	84139	2951	PLY	PLYMOUTH
267	PNKRDG	00	119500	T	PENKRIDGE	65005	0	PKG	PENKRIDGE
268	PNTH	00	210200	B	PENRITH NORTH LAKES	09312	3441	PNR	PENRITH
269	PNWTHRJ	32	354059	W	PENWITHERS JN	85505	0	\N	\N
270	POLMONT	00	993600	X	POLMONT	05111	0	PMT	POLMONT
271	PRNCSTG	40	932863	Y	PRINCES ST GARDENS	04291	0	\N	\N
272	PROBUS	00	354069	L	PROBUS SIGNAL CL5884	85440	0	\N	\N
273	PRST	00	275300	P	PRESTON	30120	2956	PRE	PRESTON LANCS
274	PRSTNFJ	48	275304	Z	PRESTON FYLDE JN.	30116	0	\N	\N
275	PRSTRJN	24	275307	V	RIBBLE JN	30148	0	\N	\N
276	PRTOBJP	48	309359	D	PORTOBELLO JN (LONDON)	73106	0	\N	\N
277	PRYBRNJ	48	112801	K	PERRY BARR NORTH JN	65667	0	XRA	\N
278	PTLCHRY	00	880100	N	PITLOCHRY	03102	0	PIT	PITLOCHRY
279	RANNOCH	00	883400	D	RANNOCH	06035	0	RAN	RANNOCH
280	RDNGHLJ	00	314230	F	READING HIGH LEVEL JN	74270	0	\N	\N
281	RDNGKBJ	00	314263	R	KENNET BRIDGE JN	74233	0	\N	\N
282	RDNGORJ	40	316058	A	OXFORD ROAD JN	74250	0	\N	\N
283	RDNGSTN	00	314900	W	READING	74237	2957	RDG	READING
284	REDGWJN	24	316059	B	READING WEST JN	74260	0	\N	\N
285	REDRR14	00	353006	G	CHACEWATER SIGNAL R14	85602	0	\N	\N
286	REDRUTH	00	353000	A	REDRUTH	85601	3472	RED	REDRUTH
287	ROYAOJN	00	309504	Q	ROYAL OAK JUNCTION	73108	0	\N	\N
288	ROYBDGE	04	883500	W	ROY BRIDGE	06028	0	RYB	ROY BRIDGE
289	RTHERHI	00	103900	K	ROTHERHITHE	87566	0	ROE	ROTHERHITHE
290	RTHGNEJ	48	978793	Q	RUTHERGLEN EAST JN	07278	0	\N	\N
291	RTRY	00	355501	R	RATTERY	83704	0	\N	\N
292	RUGBNBJ	00	108779	Z	NEWBOLD JUNCTION	69030	0	\N	\N
293	RUGBTVJ	56	108704	Q	RUGBY TRENT VALLEY JN	70029	0	\N	\N
294	RUGBY	00	108700	M	RUGBY	70030	3484	RUG	RUGBY
295	RUGLYNJ	48	108402	V	RUGELEY NORTH JN	43333	0	\N	\N
296	RUSCOMB	00	315511	V	RUSCOMBE	74021	0	\N	\N
297	SASH	00	358700	B	SALTASH	84301	0	STS	SALTASH
298	SCOTEJN	16	316056	U	SOUTHCOTE JN	74265	0	\N	\N
299	SDON	00	333300	Q	SWINDON	75012	0	SWI	SWINDON WILTS
300	SEABURN	00	764100	G	SEABURN	14008	0	SEB	SEABURN
301	SFORT26	00	903962	Z	ST. FORT SIGNAL TS26	03076	0	\N	\N
302	SGOS	00	759100	H	SOUTH GOSFORTH	12411	0	SGH	SOUTH GOSFORTH
303	SHADWEL	00	108200	K	SHADWELL	52088	0	SDE	SHADWELL
304	SHAPHNS	40	211411	V	SHAP HARRISONS SIDINGS	09321	0	\N	\N
305	SHAPSMT	08	211400	Y	SHAP SUMMIT	09327	0	\N	\N
306	SHFD	00	978796	Z	SHAWFIELD	07284	0	\N	\N
307	SHILDMR	00	955200	K	SHIELDMUIR	07906	0	SDM	SHIELDMUIR
308	SHRDHST	00	102400	B	SHOREDITCH HIGH STREET	52082	0	SDC	SHOREDTCH HGH ST
309	SHTLSTN	00	990300	B	SHETTLESTON	06707	0	SLS	SHETTLESTON
310	SHVN	00	896400	M	STONEHAVEN	02113	0	STN	STONEHAVEN
311	SLATEFD	00	923600	G	SLATEFORD	04105	0	SLA	SLATEFORD
312	SLIGHTJ	00	135601	T	SEARCHLIGHT LANE JN	42303	0	\N	\N
313	SLOCHD	00	862160	A	SLOCHD	01136	0	\N	\N
314	SLOUGH	00	317200	R	SLOUGH	73822	2966	SLO	SLOUGH
315	SLOUGHW	32	317259	Y	SLOUGH WEST	73831	0	\N	\N
316	SNDRLND	00	764000	B	SUNDERLAND	14031	0	SUN	SUNDERLAND
317	SNDRMNK	00	763200	E	ST. PETERS	14023	0	STZ	ST PETERS
318	SOMEGF	00	570316	F	SOMERTON GROUND FRAME	82305	0	\N	\N
319	SPEANBD	16	883600	N	SPEAN BRIDGE	06027	0	SBR	SPEAN BRIDGE
320	SPRBJN	12	226703	N	SPRINGS BRANCH JN	35152	0	\N	\N
321	STAFFDJ	00	126818	N	STAFFORD DOXEY JUNCTION	43327	0	\N	\N
322	STAFFRD	00	126800	C	STAFFORD	43314	3534	STA	STAFFORD
323	STAFFSJ	00	126820	W	STAFFORD SOUTH JN	43338	0	\N	\N
324	STAFTVJ	00	126814	J	STAFFORD TRENT VALLEY JN	43322	0	\N	\N
325	STAUSTL	02	353400	T	ST AUSTELL	85303	3490	SAU	ST AUSTELL
326	STBDXJN	16	359059	T	ST BUDEAUX JN.	84293	0	\N	\N
327	STDI	00	868400	Q	STADIUM OF LIGHT STN T&WM	14039	0	STI	STADIUM OF LIGHT
328	STECHFD	00	104300	K	STECHFORD	65611	0	SCF	STECHFORD
329	STERTH	02	353700	M	ST ERTH	85721	0	SER	ST ERTH
330	STGRMNS	02	358600	Z	ST GERMANS	84397	0	SGM	ST GERMANS
331	STHALL	00	318700	D	SOUTHALL	73663	0	STL	SOUTHALL
332	STHH	00	868900	Y	SOUTH HYLTON	14040	0	SHZ	\N
333	STIRLNG	00	988800	C	STIRLING	03401	0	STG	STIRLING
334	STKYJN	00	317414	L	STOCKLEY JUNCTION	73799	0	\N	\N
335	STNY	00	880200	Y	STANLEY	03110	0	\N	\N
336	STPNCVE	50	350159	W	ST. PINNOCK JN	84435	0	\N	\N
337	SURREYQ	00	108300	P	SURREY QUAYS	87572	0	SQE	SURREY QUAYS
338	SURRQSJ	00	108301	Q	SURREY QUAYS SILWOOD JN	87574	0	\N	\N
339	TAUNTON	00	347100	V	TAUNTON	83009	2980	TAU	TAUNTON
340	TAYBDGS	36	903970	T	TAY BRIDGE SOUTH	03066	0	\N	\N
341	TEBAY	00	211500	A	TEBAY	09330	0	XIT	\N
342	TEINMTH	00	343000	M	TEIGNMOUTH	83607	0	TGM	TEIGNMOUTH
343	THEALE	00	315300	W	THEALE	74702	0	THE	THEALE
344	THNGLEJ	00	326765	A	THINGLEY EAST JUNCTION	75351	0	\N	\N
345	THRNTNJ	48	917872	K	THORNTON NORTH JN	03239	0	\N	\N
346	THRNTSJ	48	917874	M	THORNTON SOUTH JN	03237	0	\N	\N
347	THRNUPL	56	917873	L	THORNTON NORTH U.P.L.	03238	0	\N	\N
348	TIVILP	08	347200	E	TIVERTON LOOP	83109	0	\N	\N
349	TIVIPW	08	347400	X	TIVERTON PARKWAY	83038	0	TVP	TIVERTON PARKWAY
350	TIVITNL	00	347430	A	WHITEBALL	83028	0	\N	\N
351	TOMATIN	00	867800	G	TOMATIN	01134	0	\N	\N
352	TOTNES	00	355800	W	TOTNES	83702	0	TOT	TOTNES
353	TRING	00	139300	J	TRING	70411	0	TRI	TRING
354	TRURO	00	354000	H	TRURO	85501	2984	TRU	TRURO
355	TULLOCH	00	883700	Y	TULLOCH	06029	0	TUL	TULLOCH
356	TVSTCKJ	32	359800	N	TAVISTOCK JN	84081	0	\N	\N
357	TWYFORD	00	315500	Y	TWYFORD	74023	0	TWY	TWYFORD
358	TYNDRMU	32	883800	A	UPPER TYNDRUM	06039	0	UTY	UPPER TYNDRUM
359	UDNGTNJ	32	977661	Q	UDDINGSTON JN	07420	0	\N	\N
360	UFNGTN	00	333600	W	UFFINGTON (OXFORDSHIRE)	74331	0	\N	\N
361	UNIV	00	868600	D	UNIVERSITY (SUNDERLAND)	14030	0	UNV	\N
362	UPHALL	00	937300	H	UPHALL	04028	0	UHA	UPHALL
363	UPHILLJ	32	339160	T	UPHILL JUNCTION	81913	0	\N	\N
364	USAN	00	906367	P	USAN	03018	0	\N	\N
365	WANTRD	08	302500	J	WANTAGE ROAD	74327	0	\N	\N
366	WAPPING	00	108500	C	WAPPING	52090	0	WPE	WAPPING
367	WATFDJ	16	140200	U	WATFORD JUNCTION	71040	2991	WFJ	WATFORD JUNCTION
368	WBORO	00	306300	E	WOODBOROUGH	74821	0	\N	\N
369	WCHAPEL	00	493500	N	WHITECHAPEL	52084	0	ZLW	WHITECHAPEL
370	WEALING	01	318800	W	WEST EALING	73255	0	WEA	WEST EALING
371	WEAVERJ	32	228701	C	WEAVER JN	35591	0	XYJ	\N
372	WEEDON	00	108709	U	WEEDON	70050	0	XWZ	\N
373	WESTRTN	00	999800	T	WESTERTON	06221	0	WES	WESTERTON
374	WHHSJN	08	126807	J	WHITEHOUSE JN	43324	0	\N	\N
375	WIGANNW	48	236300	B	WIGAN NORTH WESTERN	35136	2992	WGN	WIGAN NORTH WEST
376	WIGASJN	24	240604	M	WIGAN SOUTH JN	35137	0	\N	\N
377	WINWCKJ	32	238404	B	WINWICK JN	35505	0	\N	\N
378	WLSDWLJ	56	145731	V	WILLESDEN WEST LONDN JN	72268	0	XWI	\N
379	WMBY	00	142300	R	WEMBLEY CENTRAL	72021	0	WMB	WEMBLEY CENTRAL
380	WNCBROJ	32	941564	W	WINCHBURGH JN	05125	0	\N	\N
381	WNSFD	00	226900	T	WINSFORD	37011	0	WSF	WINSFORD
382	WORLEJ	16	339159	D	WORLE JN	81907	0	\N	\N
383	WRGTNBQ	48	238400	T	WARRINGTON BANK QUAY	35531	2989	WBQ	WARRINGTON BK QY
384	WRGTWOJ	48	221062	G	WALTON OLD JN.	35552	0	\N	\N
385	WTNBSTJ	36	333711	R	WOOTTON BASSETT JN	75242	0	\N	\N
