id	z_schedule	location	scheduled_arrival_time	scheduled_departure_time	scheduled_pass_time	public_arrival_time	public_departure_time	platform	line	path	activity	engineering_allowance	pathing_allowance	performance_allowance
1	1	STQ	\N	05:30:00	\N	\N	05:30:00	\N	\N	\N	TB          	\N	\N	\N
2	1	WTW	05:58:00	06:05:00	\N	05:58:00	06:05:00	\N	\N	\N	T           	\N	\N	\N
3	1	STQ	06:33:00	\N	\N	06:33:00	\N	\N	\N	\N	TF          	\N	\N	\N
4	2	STQ	\N	05:30:00	\N	\N	05:30:00	\N	\N	\N	TB          	\N	\N	\N
5	2	WTW	05:58:00	06:05:00	\N	05:58:00	06:05:00	\N	\N	\N	T           	\N	\N	\N
6	2	STQ	06:33:00	\N	\N	06:33:00	\N	\N	\N	\N	TF          	\N	\N	\N
7	3	STQ	\N	05:30:00	\N	\N	05:30:00	\N	\N	\N	TB          	\N	\N	\N
8	3	WTW	05:58:00	06:05:00	\N	05:58:00	06:05:00	\N	\N	\N	T           	\N	\N	\N
9	3	STQ	06:33:00	\N	\N	06:33:00	\N	\N	\N	\N	TF          	\N	\N	\N
10	4	STQ	\N	05:30:00	\N	\N	05:30:00	\N	\N	\N	TB          	\N	\N	\N
11	4	WTW	05:58:00	06:05:00	\N	05:58:00	06:05:00	\N	\N	\N	T           	\N	\N	\N
12	4	STQ	06:33:00	\N	\N	06:33:00	\N	\N	\N	\N	TF          	\N	\N	\N
13	5	STQ	\N	06:37:00	\N	\N	06:37:00	\N	\N	\N	TB          	\N	\N	\N
14	5	SOU	06:47:00	06:55:00	\N	06:47:00	06:55:00	\N	\N	\N	T           	\N	\N	\N
15	5	STQ	07:05:00	\N	\N	07:05:00	\N	\N	\N	\N	TF          	\N	\N	\N
16	6	STQ	\N	06:37:00	\N	\N	06:37:00	\N	\N	\N	TB          	\N	\N	\N
17	6	SOU	06:47:00	06:55:00	\N	06:47:00	06:55:00	\N	\N	\N	T           	\N	\N	\N
18	6	STQ	07:05:00	\N	\N	07:05:00	\N	\N	\N	\N	TF          	\N	\N	\N
19	7	STQ	\N	06:37:00	\N	\N	06:37:00	\N	\N	\N	TB          	\N	\N	\N
20	7	SOU	06:47:00	06:55:00	\N	06:47:00	06:55:00	\N	\N	\N	T           	\N	\N	\N
21	7	STQ	07:05:00	\N	\N	07:05:00	\N	\N	\N	\N	TF          	\N	\N	\N
22	8	STQ	\N	06:37:00	\N	\N	06:37:00	\N	\N	\N	TB          	\N	\N	\N
23	8	SOU	06:47:00	06:55:00	\N	06:47:00	06:55:00	\N	\N	\N	T           	\N	\N	\N
24	8	STQ	07:05:00	\N	\N	07:05:00	\N	\N	\N	\N	TF          	\N	\N	\N
25	9	STQ	\N	06:37:00	\N	\N	06:37:00	\N	\N	\N	TB          	\N	\N	\N
26	9	SOU	06:47:00	06:55:00	\N	06:47:00	06:55:00	\N	\N	\N	T           	\N	\N	\N
27	9	STQ	07:05:00	\N	\N	07:05:00	\N	\N	\N	\N	TF          	\N	\N	\N
28	10	QXO	\N	09:30:00	\N	\N	09:30:00	\N	\N	\N	TB          	\N	\N	\N
29	10	QXD	23:59:00	\N	\N	23:59:00	\N	\N	\N	\N	TF          	\N	\N	\N
30	11	QXO	\N	09:30:00	\N	\N	09:30:00	\N	\N	\N	TB          	\N	\N	\N
31	11	QXD	23:59:00	\N	\N	23:59:00	\N	\N	\N	\N	TF          	\N	\N	\N
32	12	WIR	\N	10:50:00	\N	\N	10:50:00	\N	\N	\N	TB          	\N	\N	\N
33	12	XID	11:10:00	11:10:00	\N	11:10:00	11:10:00	\N	\N	\N	T           	\N	\N	\N
34	12	SHX	11:16:00	11:16:00	\N	11:16:00	11:16:00	\N	\N	\N	T           	\N	\N	\N
35	12	DFI	11:28:00	11:50:00	\N	11:28:00	11:50:00	\N	\N	\N	T           	\N	\N	\N
36	12	SHX	12:03:00	12:03:00	\N	12:03:00	12:03:00	\N	\N	\N	T           	\N	\N	\N
37	12	XID	12:11:00	12:11:00	\N	12:11:00	12:11:00	\N	\N	\N	T           	\N	\N	\N
38	12	WIR	12:30:00	\N	\N	12:30:00	\N	\N	\N	\N	TF          	\N	\N	\N
39	13	WIR	\N	10:50:00	\N	\N	10:50:00	\N	\N	\N	TB          	\N	\N	\N
40	13	XID	11:10:00	11:10:00	\N	11:10:00	11:10:00	\N	\N	\N	T           	\N	\N	\N
41	13	SHX	11:16:00	11:16:00	\N	11:16:00	11:16:00	\N	\N	\N	T           	\N	\N	\N
42	13	DFI	11:28:00	11:50:00	\N	11:28:00	11:50:00	\N	\N	\N	T           	\N	\N	\N
43	13	SHX	12:03:00	12:03:00	\N	12:03:00	12:03:00	\N	\N	\N	T           	\N	\N	\N
44	13	XID	12:11:00	12:11:00	\N	12:11:00	12:11:00	\N	\N	\N	T           	\N	\N	\N
45	13	WIR	12:30:00	\N	\N	12:30:00	\N	\N	\N	\N	TF          	\N	\N	\N
46	14	WIR	\N	10:50:00	\N	\N	10:50:00	\N	\N	\N	TB          	\N	\N	\N
47	14	XID	11:10:00	11:10:00	\N	11:10:00	11:10:00	\N	\N	\N	T           	\N	\N	\N
48	14	SHX	11:16:00	11:16:00	\N	11:16:00	11:16:00	\N	\N	\N	T           	\N	\N	\N
49	14	DFI	11:28:00	11:50:00	\N	11:28:00	11:50:00	\N	\N	\N	T           	\N	\N	\N
50	14	SHX	12:03:00	12:03:00	\N	12:03:00	12:03:00	\N	\N	\N	T           	\N	\N	\N
51	14	XID	12:11:00	12:11:00	\N	12:11:00	12:11:00	\N	\N	\N	T           	\N	\N	\N
52	14	WIR	12:30:00	\N	\N	12:30:00	\N	\N	\N	\N	TF          	\N	\N	\N
53	15	WIR	\N	10:50:00	\N	\N	10:50:00	\N	\N	\N	TB          	\N	\N	\N
54	15	XID	11:10:00	11:10:00	\N	11:10:00	11:10:00	\N	\N	\N	T           	\N	\N	\N
55	15	SHX	11:16:00	11:16:00	\N	11:16:00	11:16:00	\N	\N	\N	T           	\N	\N	\N
56	15	DFI	11:28:00	11:50:00	\N	11:28:00	11:50:00	\N	\N	\N	T           	\N	\N	\N
57	15	SHX	12:03:00	12:03:00	\N	12:03:00	12:03:00	\N	\N	\N	T           	\N	\N	\N
58	15	XID	12:11:00	12:11:00	\N	12:11:00	12:11:00	\N	\N	\N	T           	\N	\N	\N
59	15	WIR	12:30:00	\N	\N	12:30:00	\N	\N	\N	\N	TF          	\N	\N	\N
60	16	WIR	\N	10:50:00	\N	\N	10:50:00	\N	\N	\N	TB          	\N	\N	\N
61	16	XID	11:10:00	11:10:00	\N	11:10:00	11:10:00	\N	\N	\N	T           	\N	\N	\N
62	16	SHX	11:16:00	11:16:00	\N	11:16:00	11:16:00	\N	\N	\N	T           	\N	\N	\N
63	16	DFI	11:28:00	11:50:00	\N	11:28:00	11:50:00	\N	\N	\N	T           	\N	\N	\N
64	16	SHX	12:03:00	12:03:00	\N	12:03:00	12:03:00	\N	\N	\N	T           	\N	\N	\N
65	16	XID	12:11:00	12:11:00	\N	12:11:00	12:11:00	\N	\N	\N	T           	\N	\N	\N
66	16	WIR	12:30:00	\N	\N	12:30:00	\N	\N	\N	\N	TF          	\N	\N	\N
67	17	WIR	\N	10:15:00	\N	\N	10:15:00	\N	\N	\N	TB          	\N	\N	\N
68	17	XID	10:35:00	10:35:00	\N	10:35:00	10:35:00	\N	\N	\N	T           	\N	\N	\N
69	17	SHX	10:41:00	10:41:00	\N	10:41:00	10:41:00	\N	\N	\N	T           	\N	\N	\N
70	17	DFI	10:53:00	11:15:00	\N	10:53:00	11:15:00	\N	\N	\N	T           	\N	\N	\N
71	17	SHX	11:29:00	11:29:00	\N	11:29:00	11:29:00	\N	\N	\N	T           	\N	\N	\N
72	17	XID	11:37:00	11:37:00	\N	11:37:00	11:37:00	\N	\N	\N	T           	\N	\N	\N
73	17	WIR	11:56:00	\N	\N	11:56:00	\N	\N	\N	\N	TF          	\N	\N	\N
74	18	WIR	\N	10:15:00	\N	\N	10:15:00	\N	\N	\N	TB          	\N	\N	\N
75	18	XID	10:35:00	10:35:00	\N	10:35:00	10:35:00	\N	\N	\N	T           	\N	\N	\N
76	18	SHX	10:41:00	10:41:00	\N	10:41:00	10:41:00	\N	\N	\N	T           	\N	\N	\N
77	18	DFI	10:53:00	11:15:00	\N	10:53:00	11:15:00	\N	\N	\N	T           	\N	\N	\N
78	18	SHX	11:29:00	11:29:00	\N	11:29:00	11:29:00	\N	\N	\N	T           	\N	\N	\N
79	18	XID	11:37:00	11:37:00	\N	11:37:00	11:37:00	\N	\N	\N	T           	\N	\N	\N
80	18	WIR	11:56:00	\N	\N	11:56:00	\N	\N	\N	\N	TF          	\N	\N	\N
81	19	WIR	\N	10:15:00	\N	\N	10:15:00	\N	\N	\N	TB          	\N	\N	\N
82	19	XID	10:35:00	10:35:00	\N	10:35:00	10:35:00	\N	\N	\N	T           	\N	\N	\N
83	19	SHX	10:41:00	10:41:00	\N	10:41:00	10:41:00	\N	\N	\N	T           	\N	\N	\N
84	19	DFI	10:53:00	11:15:00	\N	10:53:00	11:15:00	\N	\N	\N	T           	\N	\N	\N
85	19	SHX	11:29:00	11:29:00	\N	11:29:00	11:29:00	\N	\N	\N	T           	\N	\N	\N
86	19	XID	11:37:00	11:37:00	\N	11:37:00	11:37:00	\N	\N	\N	T           	\N	\N	\N
87	19	WIR	11:56:00	\N	\N	11:56:00	\N	\N	\N	\N	TF          	\N	\N	\N
88	20	WIR	\N	10:15:00	\N	\N	10:15:00	\N	\N	\N	TB          	\N	\N	\N
89	20	XID	10:35:00	10:35:00	\N	10:35:00	10:35:00	\N	\N	\N	T           	\N	\N	\N
90	20	SHX	10:41:00	10:41:00	\N	10:41:00	10:41:00	\N	\N	\N	T           	\N	\N	\N
91	20	DFI	10:53:00	11:15:00	\N	10:53:00	11:15:00	\N	\N	\N	T           	\N	\N	\N
92	20	SHX	11:29:00	11:29:00	\N	11:29:00	11:29:00	\N	\N	\N	T           	\N	\N	\N
93	20	XID	11:37:00	11:37:00	\N	11:37:00	11:37:00	\N	\N	\N	T           	\N	\N	\N
94	20	WIR	11:56:00	\N	\N	11:56:00	\N	\N	\N	\N	TF          	\N	\N	\N
95	21	WIR	\N	10:15:00	\N	\N	10:15:00	\N	\N	\N	TB          	\N	\N	\N
96	21	XID	10:35:00	10:35:00	\N	10:35:00	10:35:00	\N	\N	\N	T           	\N	\N	\N
97	21	SHX	10:41:00	10:41:00	\N	10:41:00	10:41:00	\N	\N	\N	T           	\N	\N	\N
98	21	DFI	10:53:00	11:15:00	\N	10:53:00	11:15:00	\N	\N	\N	T           	\N	\N	\N
99	21	SHX	11:29:00	11:29:00	\N	11:29:00	11:29:00	\N	\N	\N	T           	\N	\N	\N
100	21	XID	11:37:00	11:37:00	\N	11:37:00	11:37:00	\N	\N	\N	T           	\N	\N	\N
101	21	WIR	11:56:00	\N	\N	11:56:00	\N	\N	\N	\N	TF          	\N	\N	\N
102	22	WIR	\N	10:15:00	\N	\N	10:15:00	\N	\N	\N	TB          	\N	\N	\N
103	22	XID	10:35:00	10:35:00	\N	10:35:00	10:35:00	\N	\N	\N	T           	\N	\N	\N
104	22	SHX	10:41:00	10:41:00	\N	10:41:00	10:41:00	\N	\N	\N	T           	\N	\N	\N
105	22	DFI	10:53:00	11:15:00	\N	10:53:00	11:15:00	\N	\N	\N	T           	\N	\N	\N
106	22	SHX	11:29:00	11:29:00	\N	11:29:00	11:29:00	\N	\N	\N	T           	\N	\N	\N
107	22	XID	11:37:00	11:37:00	\N	11:37:00	11:37:00	\N	\N	\N	T           	\N	\N	\N
108	22	WIR	11:56:00	\N	\N	11:56:00	\N	\N	\N	\N	TF          	\N	\N	\N
109	23	WIR	\N	10:15:00	\N	\N	10:15:00	\N	\N	\N	TB          	\N	\N	\N
110	23	XID	10:35:00	10:35:00	\N	10:35:00	10:35:00	\N	\N	\N	T           	\N	\N	\N
111	23	SHX	10:41:00	10:41:00	\N	10:41:00	10:41:00	\N	\N	\N	T           	\N	\N	\N
112	23	DFI	10:53:00	11:15:00	\N	10:53:00	11:15:00	\N	\N	\N	T           	\N	\N	\N
113	23	SHX	11:29:00	11:29:00	\N	11:29:00	11:29:00	\N	\N	\N	T           	\N	\N	\N
114	23	XID	11:37:00	11:37:00	\N	11:37:00	11:37:00	\N	\N	\N	T           	\N	\N	\N
115	23	WIR	11:56:00	\N	\N	11:56:00	\N	\N	\N	\N	TF          	\N	\N	\N
116	24	WIR	\N	10:15:00	\N	\N	10:15:00	\N	\N	\N	TB          	\N	\N	\N
117	24	XID	10:35:00	10:35:00	\N	10:35:00	10:35:00	\N	\N	\N	T           	\N	\N	\N
118	24	SHX	10:41:00	10:41:00	\N	10:41:00	10:41:00	\N	\N	\N	T           	\N	\N	\N
119	24	DFI	10:53:00	11:15:00	\N	10:53:00	11:15:00	\N	\N	\N	T           	\N	\N	\N
120	24	SHX	11:29:00	11:29:00	\N	11:29:00	11:29:00	\N	\N	\N	T           	\N	\N	\N
121	24	XID	11:37:00	11:37:00	\N	11:37:00	11:37:00	\N	\N	\N	T           	\N	\N	\N
122	24	WIR	11:56:00	\N	\N	11:56:00	\N	\N	\N	\N	TF          	\N	\N	\N
123	25	WIR	\N	10:15:00	\N	\N	10:15:00	\N	\N	\N	TB          	\N	\N	\N
124	25	XID	10:35:00	10:35:00	\N	10:35:00	10:35:00	\N	\N	\N	T           	\N	\N	\N
125	25	SHX	10:41:00	10:41:00	\N	10:41:00	10:41:00	\N	\N	\N	T           	\N	\N	\N
126	25	DFI	10:53:00	11:15:00	\N	10:53:00	11:15:00	\N	\N	\N	T           	\N	\N	\N
127	25	SHX	11:29:00	11:29:00	\N	11:29:00	11:29:00	\N	\N	\N	T           	\N	\N	\N
128	25	XID	11:37:00	11:37:00	\N	11:37:00	11:37:00	\N	\N	\N	T           	\N	\N	\N
129	25	WIR	11:56:00	\N	\N	11:56:00	\N	\N	\N	\N	TF          	\N	\N	\N
130	26	RIC	\N	07:44:00	\N	\N	07:44:00	\N	\N	\N	TB          	\N	\N	\N
131	26	CLW	07:48:00	07:48:00	\N	07:48:00	07:48:00	\N	\N	\N	T           	\N	\N	\N
132	26	CFO	07:52:00	07:52:00	\N	07:52:00	07:52:00	\N	\N	\N	T           	\N	\N	\N
133	26	AMR	07:56:00	\N	\N	07:56:00	\N	\N	\N	\N	TF          	\N	\N	\N
134	27	RIC	\N	05:20:00	\N	\N	05:20:00	\N	\N	\N	TB          	\N	\N	\N
135	27	CLW	05:23:00	05:23:00	\N	05:23:00	05:23:00	\N	\N	\N	T           	\N	\N	\N
136	27	CFO	05:27:00	05:27:00	\N	05:27:00	05:27:00	\N	\N	\N	T           	\N	\N	\N
137	27	AMR	05:31:00	\N	\N	05:31:00	\N	\N	\N	\N	TF          	\N	\N	\N
138	28	RIC	\N	05:20:00	\N	\N	05:20:00	\N	\N	\N	TB          	\N	\N	\N
139	28	CLW	05:23:00	05:23:00	\N	05:23:00	05:23:00	\N	\N	\N	T           	\N	\N	\N
140	28	CFO	05:27:00	05:27:00	\N	05:27:00	05:27:00	\N	\N	\N	T           	\N	\N	\N
141	28	AMR	05:31:00	\N	\N	05:31:00	\N	\N	\N	\N	TF          	\N	\N	\N
142	29	RIC	\N	05:20:00	\N	\N	05:20:00	\N	\N	\N	TB          	\N	\N	\N
143	29	CLW	05:23:00	05:23:00	\N	05:23:00	05:23:00	\N	\N	\N	T           	\N	\N	\N
144	29	CFO	05:27:00	05:27:00	\N	05:27:00	05:27:00	\N	\N	\N	T           	\N	\N	\N
145	29	AMR	05:31:00	\N	\N	05:31:00	\N	\N	\N	\N	TF          	\N	\N	\N
146	30	RIC	\N	05:20:00	\N	\N	05:20:00	\N	\N	\N	TB          	\N	\N	\N
147	30	CLW	05:23:00	05:23:00	\N	05:23:00	05:23:00	\N	\N	\N	T           	\N	\N	\N
148	30	CFO	05:27:00	05:27:00	\N	05:27:00	05:27:00	\N	\N	\N	T           	\N	\N	\N
149	30	AMR	05:31:00	\N	\N	05:31:00	\N	\N	\N	\N	TF          	\N	\N	\N
150	31	RIC	\N	07:44:00	\N	\N	07:44:00	\N	\N	\N	TB          	\N	\N	\N
151	31	CLW	07:48:00	07:48:00	\N	07:48:00	07:48:00	\N	\N	\N	T           	\N	\N	\N
152	31	CFO	07:52:00	07:52:00	\N	07:52:00	07:52:00	\N	\N	\N	T           	\N	\N	\N
153	31	AMR	07:56:00	\N	\N	07:56:00	\N	\N	\N	\N	TF          	\N	\N	\N
154	32	RIC	\N	05:20:00	\N	\N	05:20:00	\N	\N	\N	TB          	\N	\N	\N
155	32	CLW	05:23:00	05:23:00	\N	05:23:00	05:23:00	\N	\N	\N	T           	\N	\N	\N
156	32	CFO	05:27:00	05:27:00	\N	05:27:00	05:27:00	\N	\N	\N	T           	\N	\N	\N
157	32	AMR	05:31:00	\N	\N	05:31:00	\N	\N	\N	\N	TF          	\N	\N	\N
158	33	RIC	\N	07:18:00	\N	\N	07:18:00	\N	\N	\N	TB          	\N	\N	\N
159	33	CLW	07:21:00	07:21:00	\N	07:21:00	07:21:00	\N	\N	\N	T           	\N	\N	\N
160	33	CFO	07:25:00	07:25:00	\N	07:25:00	07:25:00	\N	\N	\N	T           	\N	\N	\N
161	33	AMR	07:29:00	\N	\N	07:29:00	\N	\N	\N	\N	TF          	\N	\N	\N
162	34	RIC	\N	05:20:00	\N	\N	05:20:00	\N	\N	\N	TB          	\N	\N	\N
163	34	CLW	05:23:00	05:23:00	\N	05:23:00	05:23:00	\N	\N	\N	T           	\N	\N	\N
164	34	CFO	05:27:00	05:27:00	\N	05:27:00	05:27:00	\N	\N	\N	T           	\N	\N	\N
165	34	AMR	05:31:00	\N	\N	05:31:00	\N	\N	\N	\N	TF          	\N	\N	\N
166	35	RIC	\N	05:20:00	\N	\N	05:20:00	\N	\N	\N	TB          	\N	\N	\N
167	35	CLW	05:23:00	05:23:00	\N	05:23:00	05:23:00	\N	\N	\N	T           	\N	\N	\N
168	35	CFO	05:27:00	05:27:00	\N	05:27:00	05:27:00	\N	\N	\N	T           	\N	\N	\N
169	35	AMR	05:31:00	\N	\N	05:31:00	\N	\N	\N	\N	TF          	\N	\N	\N
170	36	RIC	\N	07:44:00	\N	\N	07:44:00	\N	\N	\N	TB          	\N	\N	\N
171	36	CLW	07:48:00	07:48:00	\N	07:48:00	07:48:00	\N	\N	\N	T           	\N	\N	\N
172	36	CFO	07:52:00	07:52:00	\N	07:52:00	07:52:00	\N	\N	\N	T           	\N	\N	\N
173	36	AMR	07:56:00	\N	\N	07:56:00	\N	\N	\N	\N	TF          	\N	\N	\N
174	37	RIC	\N	05:20:00	\N	\N	05:20:00	\N	\N	\N	TB          	\N	\N	\N
175	37	CLW	05:23:00	05:23:00	\N	05:23:00	05:23:00	\N	\N	\N	T           	\N	\N	\N
176	37	CFO	05:27:00	05:27:00	\N	05:27:00	05:27:00	\N	\N	\N	T           	\N	\N	\N
177	37	AMR	05:31:00	\N	\N	05:31:00	\N	\N	\N	\N	TF          	\N	\N	\N
178	38	RIC	\N	05:20:00	\N	\N	05:20:00	\N	\N	\N	TB          	\N	\N	\N
179	38	CLW	05:23:00	05:23:00	\N	05:23:00	05:23:00	\N	\N	\N	T           	\N	\N	\N
180	38	CFO	05:27:00	05:27:00	\N	05:27:00	05:27:00	\N	\N	\N	T           	\N	\N	\N
181	38	AMR	05:31:00	\N	\N	05:31:00	\N	\N	\N	\N	TF          	\N	\N	\N
182	39	RIC	\N	05:20:00	\N	\N	05:20:00	\N	\N	\N	TB          	\N	\N	\N
183	39	CLW	05:23:00	05:23:00	\N	05:23:00	05:23:00	\N	\N	\N	T           	\N	\N	\N
184	39	CFO	05:27:00	05:27:00	\N	05:27:00	05:27:00	\N	\N	\N	T           	\N	\N	\N
185	39	AMR	05:31:00	\N	\N	05:31:00	\N	\N	\N	\N	TF          	\N	\N	\N
186	40	RIC	\N	07:44:00	\N	\N	07:44:00	\N	\N	\N	TB          	\N	\N	\N
187	40	CLW	07:48:00	07:48:00	\N	07:48:00	07:48:00	\N	\N	\N	T           	\N	\N	\N
188	40	CFO	07:52:00	07:52:00	\N	07:52:00	07:52:00	\N	\N	\N	T           	\N	\N	\N
189	40	AMR	07:56:00	\N	\N	07:56:00	\N	\N	\N	\N	TF          	\N	\N	\N
190	41	RIC	\N	05:20:00	\N	\N	05:20:00	\N	\N	\N	TB          	\N	\N	\N
191	41	CLW	05:23:00	05:23:00	\N	05:23:00	05:23:00	\N	\N	\N	T           	\N	\N	\N
192	41	CFO	05:27:00	05:27:00	\N	05:27:00	05:27:00	\N	\N	\N	T           	\N	\N	\N
193	41	AMR	05:31:00	\N	\N	05:31:00	\N	\N	\N	\N	TF          	\N	\N	\N
194	42	RIC	\N	05:20:00	\N	\N	05:20:00	\N	\N	\N	TB          	\N	\N	\N
195	42	CLW	05:23:00	05:23:00	\N	05:23:00	05:23:00	\N	\N	\N	T           	\N	\N	\N
196	42	CFO	05:27:00	05:27:00	\N	05:27:00	05:27:00	\N	\N	\N	T           	\N	\N	\N
197	42	AMR	05:31:00	\N	\N	05:31:00	\N	\N	\N	\N	TF          	\N	\N	\N
198	43	RIC	\N	07:44:00	\N	\N	07:44:00	\N	\N	\N	TB          	\N	\N	\N
199	43	CLW	07:48:00	07:48:00	\N	07:48:00	07:48:00	\N	\N	\N	T           	\N	\N	\N
200	43	CFO	07:52:00	07:52:00	\N	07:52:00	07:52:00	\N	\N	\N	T           	\N	\N	\N
201	43	AMR	07:56:00	\N	\N	07:56:00	\N	\N	\N	\N	TF          	\N	\N	\N
202	44	RIC	\N	05:20:00	\N	\N	05:20:00	\N	\N	\N	TB          	\N	\N	\N
203	44	CLW	05:23:00	05:23:00	\N	05:23:00	05:23:00	\N	\N	\N	T           	\N	\N	\N
204	44	CFO	05:27:00	05:27:00	\N	05:27:00	05:27:00	\N	\N	\N	T           	\N	\N	\N
205	44	AMR	05:31:00	\N	\N	05:31:00	\N	\N	\N	\N	TF          	\N	\N	\N
206	45	RIC	\N	05:20:00	\N	\N	05:20:00	\N	\N	\N	TB          	\N	\N	\N
207	45	CLW	05:23:00	05:23:00	\N	05:23:00	05:23:00	\N	\N	\N	T           	\N	\N	\N
208	45	CFO	05:27:00	05:27:00	\N	05:27:00	05:27:00	\N	\N	\N	T           	\N	\N	\N
209	45	AMR	05:31:00	\N	\N	05:31:00	\N	\N	\N	\N	TF          	\N	\N	\N
210	46	POR	\N	05:52:00	\N	\N	05:52:00	\N	\N	\N	TB          	\N	\N	\N
211	46	QBM	06:18:00	\N	\N	06:18:00	\N	\N	\N	\N	TF          	\N	\N	\N
